Restaurant Name,Area,Restaurant type,Ratings,Number of ratings,price,Address
Cricket Ground Cafe,Badda,Cafe,4.1,169,1,"171/3 Middle Badda, হাতির ঝিল লিঙ্ক রোড"
Rosemery Restaurant,Badda,Bangladeshi,3.9,369,1,Madani Ave
Sanxi Thai Chinese,Badda,Chinese,3.9,1102,2,"House#1/B, Road#13, South"
The Artichoke,Badda,Restaurant,4.4,178,1,"Arma Majeda Malik Tower , Holding No# 215, Bir Uttam Rafiqul Islam Ave"
Cabana Restaurant and Party Center(Roof Top),Badda,Restaurant,4,143,2,"House 04, Road -10, DIT Project, Merul Badda Dhaka"
Oasis cafe & Restaurants,Baily Road,Chinese,3.6,76,1,"1, New Baily Road, Natok Sharoni, Abedin Tower (2nd Floor, Shanti Nagar Rd"
Ambrosia Restaurant & Music Cafe,Baily Road,Cafe,3.8,395,1,"Green Cozy Cott, 2 no New, Baily Rd"
Hakka Dhaka,Baily Road,Cantonese,4.1,910,2,2 Baily Rd
Boomers Café,Baily Road,Cafe,4.1,2425,2,"Navana Baily Star (3rd Floor) 9 Nawratan Colony, New Baily Rd, Dhaka"
Pizza Hut Baily Road,Baily Road,Pizza,4.2,2599,3,"3, Gold Hunt Shopping Complex New Baily Road, 10 Natok Sarani"
Sultan's Dine (Baily Road),Baily Road,Biryani,4,368,1,9 Baily Rd
Tagore Terrace,Banani,Cafe,4.3,965,2,House 44 Road-12
Fools Diner,Banani,Thai,4.4,1399,2,"H.No, 67/C Rd No 13B"
BG Sauslys Private Limited,Banani,Fast Food,3.7,66,1,"House # B/3, Block # G, Road No. 11"
Doo Mi Ok,Banani,Korean,4.3,67,1,Rd No. 11
Roll Xpress Cafe,Banani,Cafe,4.3,1213,2,"House 34, Block B Rd No # 21"
Tastebud,Banani,Cafe,4.2,1056,2,"52, Road No. 12A, Block H, Banani"
Taj Mahal Tandoori & Kabab,Banani,Bangladeshi,3.9,270,1,"10, House-46/5, Banani Bazar, Road, 10 Kemal Ataturk Avenue"
The Raintree Dhaka,Banani,Continental restaurant,4.1,829,1,"Plot # 49, Block K Rd No 27"
Beirut 99,Banani,Lebanese,3.9,74,1,13 Rd No. 13E
Hotel Sarina Dhaka,Banani,Restaurant,4.2,2574,1,"Plot #27, Road #17, Banani C/A"
Hakka Dhaka,Banani,Cantonese,4.2,1836,1,"Navana Rowshan Sayed Plaza, House # 47, 4th Floor"
Dhaka Metro Restaurant,Banani,Bangladeshi,3.9,100,1,"road 10, house 62 ব্লক#ডি"
"Terra Bistro, Banani",Banani,Restaurant,3.8,71,1,House# 52 Road# 11 Block# F
The Sky Room Dining,Banani,Restaurant,4,539,1,"12th Floor, 8 Kemal Ataturk Ave"
KFC,Banani,Fast Food,4,1252,2,"Bulu Ocean Tower, 40 Kemal Ataturk Ave  In Awal Centre"
Tea Stall Restaurant,Banani,Restaurant,4.3,89,1,"House no: 48, Toad no: 13/C"
Dum Ladhidh,Banani,Restaurant,4,235,1,"AWR NIB TOWER, House 99, Road 11, Block C, Lift 4"
Nordic Hotels Ltd.,Banani,Restaurant,3.9,544,1,"House-59, Road-17, Block-C"
Sushi Samurai,Banani,Sushi,4.1,810,3,"Level 7, House 100, Road 11, Block C"
TRIBE Rooftop Lounge,Banani,Restaurant,4.2,63,1,Bangladesh
Fakruddin Restaurant,Banani,Bangladeshi,4,130,1,"H- 90, New Airport Road, Kakoli"
Cielo Rooftop Banani,Banani,Cafe,4.3,309,1,99 Rd No. 11
Lakeshore Banani,Banani,Hotel,4.3,1183,1,"Block-D, House # 81 Rd No 13A"
New Dragon 新龙轩,Banani,Restaurant,4.1,52,1,House 23 Rd No:18
Salimar Garden Restora,Banani,Bangladeshi,4,613,2,"House No. 15, Block D, 17 Rd No 17"
আমেরিকান বার্গার,Banani,Fast Food,4.3,378,1,24 Rd No. 11
Burger King,Banani,Fast Food,4.2,3296,1,"Block C, H.No: 104, Rd No. 11"
Barcode Cafe,Banani,Cafe,4.3,3577,2,House 55/B Rd No # 21
"Cheong Shing Restaurant, Dhaka.",Banani,Chinese,4.2,372,2,"House: 49(4th floor), Road: 11, Block : H"
Durum - Turkish Doner,Banani,Restaurant,4,124,1,"84 Skylark Mark, Ground Floor House No. 84, Road No. 11, Block #D"
Jadu Bangla Restaurant,Banani,Restaurant,4.2,111,1,"House 10, Road, 4 Block # F"
Absolute Thai,Banani,Thai,4,664,3,"House 52, 1st Floor, Rd No 12A"
Chistia Hotel & Restaurant,Banani,Restaurant,3.4,63,1,"D.C.C. Chha - 32/6, Mohakhali T.B. Gate, Banani"
Pizza Hut,Banani,Pizza,4.2,1273,2,"House no 50, Police Station, Ground floor, Block C Rd No. 11"
Villa Azzur,Banani,Restaurant,4.2,113,1,"House 61, road 15, block D"
Platinum Grand,Banani,Hotel,4.3,688,1,"House# 52, Road# 11 Block# F"
Thai Nation,Banani,Thai,4.1,483,3,"House: 42/1 Road No 7, Block: H"
Herfy Banani,Banani,Fast Food,4.2,1786,2,"Plot 52, Ground Floor, Tower, 52 Rd No. 11"
"Madchef Banani, Dhaka.",Banani,Fast Food,4.3,2750,2,"Plot 47, Block H Rd No. 11"
Urban Spoon,Banani,Fast Food,4.1,546,2,"B&B Empire, 12th Floor (Rooftop, House-116 Rd No. 11"
Banglar Mishti Banani,Banani,Restaurant,4.4,126,1,"House No, 34 Rd No. 19/A"
Cafe Milano Dhaka,Banani,Restaurant,4.4,221,1,"Point 11 Building, House#25 (1st floor), Road#11, Block#H"
Prince Kabab & Chinese,Banani,Restaurant,3.8,196,1,"House 102, 8 Dhaka - Mymensingh Hwy"
Bhorta Bhat Restora,Banani,Restaurant,4,357,2,"House 107, 1213, 4 B Block, Main Rd"
Flavors of China,Banani,Restaurant,3.9,78,2,"House 94, Block D Rd No 13A"
Fuchka-Wali,Banani,Fast Food,4.2,242,1,"Block-E, House-153 Rd No. 11"
Northern Cafe,Banani,Restaurant,4,329,1,"Holding no:13, Rd No 17"
Shera Tong,Banani,Restaurant,3.7,59,1,"House 63, Block D Rd No-15"
Aaheli Kabab & Restaurant,Banani,Indian,4.1,397,1,"Ni Tower, Block-E, Road-10, Plot-011213, Enamul Hoq Chowdhury Road"
Cha Bagan,Banani,Restaurant,4.3,316,1,"American International University-Bangladesh, House, 55b Rd No # 21"
KAHVE,Banani,Restaurant,4.3,122,1,"House no: 55, Block: E, Road no: 13E"
Cafe Euphoria Banani,Banani,Restaurant,4,192,2,100 Rd No. 11
Harivanga Restaurant,Banani,Restaurant,3.9,282,1,"D, Rd No 13"
Pizza Guy,Banani,Pizza,4.3,3459,2,"Ahmed Tower, H.No 28/30, Floor No 09, Kemal Ataturk Avenue"
Melange Coffee N Conversation,Banani,Restaurant,4.1,635,2,House 7 Rd No.24
Bluemoon Recreation Club,Banani,Restaurant,4.2,1327,1,"Plot 67/D, 3rd Floor, Green Delux Cross Point Road # 11,12, Block # E, Banani"
bbq Bangladesh Banani,Banani,Korean,4.2,675,3,"Block H, bbq, Navana Rowshan Sayed Plaza Level 2, Plot 47, Road 11"
Tree House,Banani,Restaurant,4.2,2075,2,"Banani 13/E , house #135 Opposite of Prescription Point, Rd No. 13E"
Pizza Inn,Banani,Pizza,4,1406,3,"House 84, Block D Rd No. 11"
KFD Express,Banani,Chinese,4.3,1475,2,"1st Floor, House 53, 11 Rd No 17"
Boomers Cafe,Banani,Restaurant,4.1,1575,2,"A.R Tower, (2nd Floor, 24 Kemal Ataturk Ave"
Soi 71,Banani,Thai,4.2,895,2,"Level 1 Concord Baksh Tower, 11/A Kemal Ataturk Ave"
Alfresco,Banani,Restaurant,4.2,2513,2,"84, Sky Lark 11 level 9, plot no Rd No. 11"
Yum Cha District Banani,Banani,Restaurant,4.4,2469,2,"House 25, 2nd Floor, BFC Building, Rd No. 11"
Chilis,Banani,Restaurant,4.3,89,1,2 Banani Bridge
STREET FOOD RESTAURANT,Banani,Bangladeshi,3.9,154,1,"House#25, 1st Floor, 10"
Jatra Biroti Restaurant,Banani,Restaurant,4.2,1834,3,60 Kemal Ataturk Ave
Chows,Banani,Cantonese,4.2,748,3,6 Rd No. 19/A
"Japanese Restaurant ICHI in Banani, Dhaka.",Banani,Japanese,4,268,3,"House No 32, Level- 2, Blok- G, Rd No. 11"
China101,Banani,Asian,4.4,128,1,"House: 101, Road:13/A, Block:C"
Pan Tao Thai Cuisine,Banani,Thai,4,617,1,"House No 42, Block- E, Road No 12, Banani"
Oriental Lounge,Banani,Restaurant,3.8,179,1,Road-12
Goong The Castle,Banani,Korean,4.4,476,3,"House no: 88, 12/B Rd No. 50"
Turkish Bazaar & Restaurant,Banani,Turkish,4.2,646,2,"House 48/E, Rd No 13C"
Saltz Fine Seafood,Banani,Restaurant,4.1,335,3,"House 23, Rd 99"
BFC,Banani,Fast Food,4.1,1941,2,"Genetic, House 25, Ground Floor, Rd No. 11"
Pinewood Cafe + Kitchen (Banani),Banani,Restaurant,4.4,750,2,"1213, House 48, Block E, Rd No 13C"
Sajna Restaurant,Banani,Indian,4.1,1709,2,House 14 Rd No. 11
Dhaba Banani,Banani,Restaurant,3.9,806,2,"House#91, Road#13/C, Block#E"
Rashna Bilash,Banani,Restaurant,4.4,91,1,"House no, 101 Rd No 13A"
Tarka,Banani,Indian,3.9,1603,2,"Level 8, House 1/H (ANZ Huq Eleven Square, রোড-১১  In Anz Huq Eleven Square"
The Manhattan FISH MARKET Bangladesh,Banani,Sea-food,4.3,3472,3,"Awal center, 34 Kemal Ataturk Ave"
EL PATRON BD,Banani,Restaurant,4.3,165,1,Plot 6 Rd No. 19/A
Smoke Music Cafe,Banani,FineDining,4.1,790,3,"Top Floor, HAKAM Foundation, House 98, Block C Rd No. 11"
Royal Thai Banani,Banani,Restaurant,4,239,1,Rd No 12A
Takeout Banani,Banani,Fast Food,4.4,5232,2,"Tower, 1st Floor, Plot No. 35, Abedin, Road No 17 Kamal Ataturk Ave"
Time Out,Banani,Restaurant,4.2,1362,2,"65E, House, Rd No. 19/A"
Royal Park Residence Hotel,Banani,Hotel,4.3,939,1,"House # 85, Block- A, Rd No. 25/A"
Lucknow Dhaka,Banani,Indian,4.2,1367,3,"E, 60 Kemal Ataturk Avenue"
Ginza,Banani,Restaurant,4.3,1508,2,"3rd Floor, 25 Rd No. 11"
Hotel Orchard Suites,Banani,Hotel,4,633,1,"House No. 90, Block C, Rd No 13A"
Authentic Kabab Express,Banani,Restaurant,4.2,511,1,House - 115 Road # 13
Salam's Kitchen,Banani,Bangladeshi,4.1,2584,2,"1st Floor, House 30, Block D, Road 10"
Grand Buffet,Banani,Buffet,4.2,115,1,"ANZ Huq Eleven Square. Plot # 1, Road # 11, Block # H,13th & 14th Floor  In Anz Huq Eleven Square"
Dhakaiya Pakki - ঢাকাইয়া পাক্কি,Banani,Restaurant,4.3,251,1,37 Road-12
Paturi,Banani,Restaurant,4.3,650,2,"House No, 03 Rd No 10B"
HEXA Dine,Banani,Continental restaurant,4.4,152,1,"House: 34 (1st Floor), Green Regency, Road No: 10, Block- D"
Cheez Banani,Banani,Pizza,4.5,1546,2,"2nd Floor, House 37 Road-12"
Star Kebab & Restaurant,Banani,Restaurant,4.2,15445,2,"House-15 Rd no. 17, Block- C"
New Cathay,Banani,Chinese,3.9,407,2,72 Rd No. 11
Bukhara Restaurant,Banani,Indian,4.2,664,1,"17th Floor, Iqbal Center, 42 Kemal Ataturk Ave"
3 Dragons at Pearl,Banani,Chinese,3.9,461,3,"Rangs Pearl, Tower (3rd flor Thai & 4th Floor Sichuan Chinese, 76 Road-12"
Urban Spoon,Banani,Restaurant,4.1,266,2,116 Rd No. 11  In Fit Elegance Outlet
Comilla Hotel & Nasta Bitan,Banasree,Bangladeshi,3.4,71,1,"336, 2 TV Rd"
Ibrahim's Kitchen,Banasree,Restaurant,3.6,79,1,"180/6/Ka, East Rampura, Titash Road"
ALKADERIA Restaurant,Banasree,Restaurant,4.1,3548,2,"2/3, DIT Rd"
Golden Star Hotel & Restaurant,Banasree,Bangladeshi,3.8,56,1,"House-1, Road-3, Block-F"
Canton Chinese Restaurant & Bar,Banasree,Bar,3.9,85,1,29 E Hazipara
BAGICHA Restaurant,Banasree,Restaurant,3.8,193,2,"House # 8, Block # C,(1st Floor, Banasree Main Rd"
Chilli's Banasree,Banasree,Restaurant,4.1,245,1,House # 37 Rd Number 1
Al Kaderia Hotel & restaurant,Banasree,Restaurant,3.8,462,2,385/ka Banasree Rd 2
Alkaderia cafe,Banasree,Cafe,3.8,55,1,"257, DIT Rd"
Pizza Place,Banasree,Pizza,3.5,228,2,"House 35, Road 4, Block C, Banasree Rampura"
Kureghor Kabab south banasree,Banasree,Restaurant,4.2,273,1,রোড নং- ৭
Mahanagar Kabab And Coffee House,Banasree,Bangladeshi,3.6,80,2,"29/A, Mahanagar Project, Road No. 1, West Rampura"
CP Five Star - Mamduha Chicken,Banasree,Restaurant,3.9,115,1,"House:2, Road: 5, Block :A, Banasree, Rampura, Titas Gas Rd"
SOD Fresh & Delicious,Banasree,Restaurant,3.8,1138,3,"Opposite Rampura bridge, Terminal, 1 Hatir Jheel Link Rd"
"Shawarma House, Banasree Branch",Banasree,Restaurant,3.8,250,2,"Block-B House, 10/B Main Rd"
Food Hut,Banasree,Fast Food,3.9,621,1,"Plot No-29, Road No-7, Block-B, Opposite of"
Taj Hotel,Banasree,Restaurant,3.7,74,1,"396, West Rampura, Makki Masjid Gali"
Maradona Hotel & Restaurant,Banasree,Bangladeshi,3.5,88,1,"101, Ulon Road, West Rampura"
Allahr Daan Biriyani House,Banasree,Restaurant,3.8,117,2,"256, DIT Road, West Rampura"
Burfe,Banasree,Restaurant,4.5,171,1,"House#1, Road#1, Block#E Rampura, Banasree, Dhaka-1219"
The Meat Inn Restaurant,Banasree,Restaurant,4.4,253,2,"House #1, Road #1, Block # B, Banasree"
ANAS CAFE Thai Chinese Restaurent,Banasree,Restaurant,3.8,85,2,374 DIT Rd
Pasta Club Banasree,Banasree,Restaurant,4.3,241,1,2 Rd Number 1
Lake Green Lounge & Restaurant,Banasree,Restaurant,3.9,99,1,"Plot No-39, Block-C Aftab Nagar Main Rd"
The Mughal Empire,Banasree,Restaurant,4.1,727,2,"House 13, Block B, Banasree Main Rd"
Chillox Aftabnagar,Banasree,Restaurant,4,88,1,Aftabnagar Main Road
Alif Food,Banasree,Restaurant,4.1,536,1,"House No. 3, Road No. 5, Block D, Banasree, Rampura"
KFC,Banasree,Fast Food,3.9,1650,2,"শহীদ বাকি রোড HOLDING 979, PLOT 25/B  In Manama M.W"
Orchid Garden Thai & Chinese Restaurant,Banasree,Chinese,3.8,595,2,Road #1 Block F
Taj Mahal Restaurant,Banasree,Restaurant,4.2,86,1,"DIT Road, Malibagh Chowdhury Para Rd"
Cafe Banasree Restora And Kabab Ghor,Banasree,Restaurant,3.8,174,2,"House-1, Road-3, Block-G, Banasree, Rampura"
Al-Aqsa restaurant,Baridhara,Indian,4.3,58,1,374/b Taltola Rd
Dibanishi Restaurant,Baridhara,Restaurant,3.4,147,1,Vhatara Rd
Cafe Lavender,Baridhara,Chinese,4.1,446,2,Bir Uttam Rafiqul Islam Avenue
Hotel Bon Vivant,Baridhara,Restaurant,4,289,1,"House 8/A, Road 13, North Baridhara, Kalachandpur Main Road"
Nascent Gardenia Hotel,Baridhara,Hotel,4.1,547,1,"27, Baridhara Diplomatic Zone, Park Rd"
The Bizarre Cafe,Baridhara,Restaurant,3.7,188,1,"422, Abdus Sobhan Dhali Road, Vatara"
Dhaka foods & Restaurant,Baridhara,Restaurant,3.8,193,2,"Shapla Building, Near, south"
Mint Leaf Restaurant,Baridhara,Restaurant,3.8,539,2,"House-4305, Opposite Apollo Hospital, Kuwaiti Mosque Rd"
Radisson Blu Dhaka Water Garden,Baridhara,Hotel,4.5,9128,1,Airport Rd
The Atrium Restaurant,Baridhara,Asian,4,1736,3,"50 & 52, Pragati Avenue, J Block, Baridhara"
The Buffet King,Bashundhara,Restaurant,3.8,530,2,"Hazi Abdul Latif Mansion, Ka-9/a  In Jamuna Amusement Park"
BURGEROLOGY,Bashundhara,Restaurant,4.3,1659,2,"Burgerology , Ka-7/2, (2nd Floor, Bashundhara Rd"
Magpie Restaurant,Bashundhara,Bangladeshi,4,2692,2,"24, 4 Bashundhara Rd"
Garlic 'n Ginger,Bashundhara,Buffet,4.3,1964,2,"Shop-1C-037, 1st Floor, KA-244, Jamuna Future Park Progoti Shoroni, Kuril - NSU Rd"
Kacchi Bhai - Taste Of Traditional Kacchi,Bashundhara,Restaurant,4.2,2474,2,Bashundhara Rd
Cafe Prince Restora,Bashundhara,Bangladeshi,3.8,629,1,21/B Garden Road
Shuttle Train Restaurant,Bashundhara,Restaurant,4,438,2,"G.P.Ta - 171/3 Middle Badda New link road to Hatirjheel, Lake Rd"
Tongue and Tummy Restaurant,Bashundhara,Restaurant,3.9,158,1,In the Bashundhara City
Bachelor's,Bashundhara,Restaurant,4.3,463,2,"House No, 21 Rd No. 16"
Food Home Restaurant,Bashundhara,Restaurant,3.8,278,1,"Plot#159,Road#03,Block#A.Bashundhara, R/A, Road 03"
Burger King Bashundhara,Bashundhara,Fast Food,4,1387,1,H-335 Bashundhara Rd
Tasty Tibet - Bashundhara RA,Bashundhara,Restaurant,3.9,238,2,"Last End, Bashundhara Residential Area Memberbari Super Market Road-10, Block-C, Ghatper"
Foodplay Cafe & Restaurant,Bashundhara,Restaurant,3.9,134,2,Ga - 2 Bir Uttam Rafiqul Islam Ave
Jafran Resto,Bashundhara,Restaurant,4.1,1616,2,"Lift 5, fifth floor, Adept NR Complex( beside Pitha Ghar) ,Opposite to Jamuna Future Park Pocket Gate Road"
Fridays Fast Food & Restaurant,Bashundhara,Restaurant,4,346,2,"Shop No-15, Block-C, Level-5, Food Court Jamuna Future Park, Bashundhara Rd"
Bhai Bhai Hotel,Bashundhara,Restaurant,4.1,711,2,"ক/১২০, Pragati Avenue, Kuril Chowrasta, Vatara"
Dhaka Foods,Bashundhara,Restaurant,3.8,440,2,"Hazi Abdul Latif Mansion, Ka 9/A, Bashundhara Rd  In Jamuna Amusement Park"
Burger Lab,Bashundhara,Fast Food,4.3,1189,1,"Ka 1/1, Jagannathpur, Bashundhara Road"
American Burger,Bashundhara,Restaurant,3.9,325,2,Sayem Road
Kebab Khazana,Bashundhara,Restaurant,4.1,111,1,"Block- A, Sayem Road, Apollo Link Road, Basundhara, Near By Desco"
Street Oven Bashundhara Outlet,Bashundhara,Restaurant,4.3,117,1,"Ka-4/A, 1st Floor, Bashundhara Rd"
The Hangout,Bashundhara,Restaurant,4,161,1,"Shop#105, 107, Ground Floor, Anannya Shopping Complex  In Anannya Shopping Complex"
Sultan's Dine Bashundhara,Bashundhara,Restaurant,4.3,1309,3,"Ka- 11/2, Below Apex Showroom, Bashundhara Rd"
Steak Hill,Bashundhara,Restaurant,4.1,149,2,"Hazi Abdul Latif Mansion, 2nd Floor"
Sizzle N drizzle,Bashundhara,Restaurant,4.3,50,1,"The Kings food court,Shop#08 Ka-9/A, Hazi Abdul Latif Mansion, Jagannathpur Road, Bashundhara Main Gate, 1229"
Delhi Biryani,Bashundhara,Restaurant,3.8,95,1,"Ka-54, 3 Bashundhara Rd"
Salt and Butter,Bashundhara,Restaurant,4,235,1,"Khana's - Bashundhara R/A, Hazi Abdul Latif Mansion, 9/KA, Manson, R/A, Ka-9 Bashundhara Rd"
Khana's - Bashundhara R/A,Bashundhara,Restaurant,4.2,1172,2,"Hazi Abdul Latif Mansion 9/KA, Manson, R/A, Ka-9 Bashundhara Rd"
Sunflower Restaurant,Bashundhara,Restaurant,3.7,673,1,"Beside Mehedi Mart, Rd 6"
The Food Hall,Bashundhara,Food court,3.7,1250,2,Sabrina Sobhan 4th Avenue Road
Cafe 16,Bashundhara,Restaurant,4.1,55,1,"Ghatpar Bazar, NSU Main Campus Rd"
Rongdhanu Rasui,Bashundhara,Restaurant,3.5,80,1,"Mufti Abdur Rahman Rd, Mehedi Mart, 5th Floor, Plot-474&474/E, Block-D, Bashundhara R/A"
KFC,Bashundhara,Fast Food,4,303,2,"Shop No # 5C-013, 5th Floor, Jamuna Future Park Complex, KA - 244, Kurli, Progoti Sarani - Debogram Road"
Nanu's Food Factory,Bashundhara,Restaurant,4.1,888,2,532 Apollo Hospital Rd  In Evercare Hospital Dhaka
Mughal Mahal Indian Spicy,Bashundhara,Indian,3.6,346,1,"Shop No-5B, 10, 11, 12, 13, 5th Floor, Jamuna Future Park, Kuril - NSU Rd"
Tea Bazaar,Bashundhara,Restaurant,3.9,378,2,"KA 3/1/C, Level 5, Amir Complex, Bashundhara Gate, Jaganathpur, Bashundhara"
Waterpolo BD,Bashundhara,Restaurant,4,905,2,"Apollo, Link Rd"
Ghoroa Hotel,Bashundhara,Restaurant,3.5,245,1,"Ka-54/3, Bashundhara Road & Bashundhara Road"
Bangaliana Bhoj,Bashundhara,Restaurant,4,59,1,"2nd Floor, Ka-9/a, Abdul Latif Mansion (above Burger King Jagannathpur, Main Gate"
Food Village,Bashundhara,Restaurant,3.9,484,1,"Plot: 81, Block: E  In Evercare Hospital Dhaka"
Magpie Thai and Chinese Restaurant,Bashundhara,Restaurant,4,678,2,Bashundhara Rd  In Magpie Restaurant
Meat Lovers,Bashundhara,Restaurant,3.7,152,1,Bashundhara Road
KFC Bashundhara,Bashundhara,Restaurant,4.2,312,2,"Ka-5/2, Jagannathpur, Adept NR Complex, 1st Floor, Bashundhara Rd"
CAFE JHAL ক্যাফে ঝাল,Bashundhara,Restaurant,3.9,67,1,"Sarker Market,(1st Floor, Bashundhara Rd"
PizzaLab,Bashundhara,Pizza,4.2,105,1,"1/C,Joynal complex, Bashundhara Rd"
Saffron Restaurant and Cafe,Bashundhara,Restaurant,3.9,137,1,"KA-244, Shop No 1-2, Block- D, Kuril, Progoti Sharani Jamuna Future Park"
Roadhouse Cafe,Bashundhara,Fast Food,3.6,59,1,"Ka 3/1-C (Underground), Amir Complex, Bashundhara Rd"
Burger King,Dhanmondi,Fast Food,4.1,2379,1,"Plot 43 (New), Ground Floor, Road No. 2A, Satmasjid Road"
Nando's,Dhanmondi,Portuguese,4.2,2403,3,"43, 27 (old Rd No. 27"
Cafe ALFIO,Dhanmondi,Restaurant,3.7,90,1,133 Rd No 9A
Bashmoti Kacchi,Dhanmondi,Biryani,4.1,2083,2,"3, H.No 43, 2 Moneshwer Rd"
OLD 19,Dhanmondi,Restaurant,4.2,102,1,"9/A , Rupayan Z.R Plaza, Base floor Road No. New, 46 Satmasjid Road  In RUPAYAN ZR PLAZA"
Cheez,Dhanmondi,Pizza,4.3,630,2,"Rangs KB Square, 2nd Floor, 736 Satmasjid Road"
HAPPINESS- be happy and smile,Dhanmondi,Restaurant,3.7,114,1,"Level- 7, Rangs KB Square, 49/A Satmasjid Road"
"Secret Recipe Flagship, Dhanmondi",Dhanmondi,Malaysian,4.2,3096,2,"181/1 (old), 54 (new), Road no. 20 (old 10/A (new), Ground Floor"
Adda Multi Cuisine Restaurant,Dhanmondi,Chinese,3.8,69,1,4 Road No 4
Cafe Hello Dhanmondi,Dhanmondi,Restaurant,3.8,256,1,49/A Satmasjid Road
Dhaba Dhanmondi,Dhanmondi,Indian,4.1,107,2,"House no, 54 Rd 10/A"
Munchery,Dhanmondi,Restaurant,3.7,613,1,"Rangs KB Square, 736, Satmasjid Road"
Shampan,Dhanmondi,Restaurant,3.8,158,1,Dhanmondi Lake Walkway
Nawab Restaurant and Caterer,Dhanmondi,Restaurant,3.6,70,1,"13, 1 Ed No 27, Dhaka 1205"
KFC Restaurant,Dhanmondi,Fast Food,4,4517,2,"House No.84, Road No, 7/A, Satmasjid Road"
Hot Hut,Dhanmondi,Restaurant,4.1,563,1,"Mirpur Rd, Dhanmandi"
The Dynamic Food Court Ltd,Dhanmondi,Restaurant,3.9,361,1,12 Dhanmondi Lake Rd
Aurum,Dhanmondi,Buffet,3.7,68,1,"Level 10, Imperial Amin Ahmed Centre, Road, 10/A Satmasjid Road"
Kabab Village Restaurant,Dhanmondi,Restaurant,4.1,359,1,6 Dhanmondi Lake Rd
Trump Cafe,Dhanmondi,Bangladeshi,3.7,965,2,"Plot No 60, 2nd Floor Keari Crescent Satmosjid Road 2/A Zigatola Bus Stand"
Xiamen Restaurant,Dhanmondi,Chinese,3.8,161,1,"Satmasjid Road, House No:55 A, Road No. 4A(New)  In AMM Convention Center"
D SMAAK Cafe,Dhanmondi,Restaurant,3.8,300,2,"49/A, (736) Rangs K.B Square (9th Floor) Satmasjid Road"
The Dynamic Food Court Ltd,Dhanmondi,Restaurant,3.8,87,2,"Shudha Shodon Dip, Road No-05, Dhanmondi"
TasteBlast,Dhanmondi,Restaurant,3.6,1308,2,"10th floor, Rangs KB Square, 736 Satmasjid Road"
Royal Buffet Restaurant,Dhanmondi,Buffet,3.9,1521,2,"House- 8/A, Road- 4, ( Royal Plaza), 5th Floor"
PLATINUM CLUB BD,Dhanmondi,Restaurant,3.7,1050,2,"4th floor, Keari Crescent tower, Satmasjid Road"
Sampan,Dhanmondi,Restaurant,3.9,1451,2,"Sector 1, Road No. 27 (Old Near The Lake End Restaurant"
Jing Ling Chinese Restaurant,Dhanmondi,Chinese,3.9,770,1,Dhanmondi 02
Little Asia - Gourmet Restaurant,Dhanmondi,Restaurant,3.9,445,2,46 Satmasjid Road  In RUPAYAN ZR PLAZA
Madchef Dhanmondi,Dhanmondi,Fast Food,4.3,3209,1,"Rangs KB Square, 4th Floor, House 49/A Satmasjid Road  In KB Square"
Flavours Music Cafe,Dhanmondi,Restaurant,3.6,841,3,"Level-6, Rangs KB Square, 49/A, (736, Satmasjid Road"
The Manhattan FISH MARKET Dhanmondi,Dhanmondi,Sea-food,4.3,2185,3,"754/B, Satmasjid Road"
Rustic eatery,Dhanmondi,Restaurant,4.1,147,1,"House no, 36 Rd No. 9A"
Aloush,Dhanmondi,Restaurant,4.4,128,1,"RUPAYAN ZR PLAZA, Satmasjid Road Rd No 10A  In RUPAYAN ZR PLAZA"
Xenial Restaurant,Dhanmondi,Chinese,3.9,1222,2,"House no: 88, 365 রোড নং ২৭"
Storm In A Cup,Dhanmondi,Cafe,4.2,318,2,"House No: 1, 5th Floor, Aarong Top Floor, Road No: 2, Dhanmondi"
The Stubborn Goat,Dhanmondi,Restaurant,4,464,3,"MIDAS Center, House No. 05, Road No. 27 (Old, Rd No. 27"
Cafe 50,Dhanmondi,Restaurant,4.1,219,2,"13, Rangs KB Square, 49/A Satmasjid Road"
Ozz Cafe,Dhanmondi,Restaurant,3.9,2364,2,"Bangladesh Eye Hospital, House-133, Road-9/A (New) Captain Road Behind, Shankar, Dhanmondi"
The Munch Station,Dhanmondi,Restaurant,4.2,458,1,Rd 8/A  In Green Taj Center
Dominos Bangladesh,Dhanmondi,Restaurant,4.2,69,1,"275/D, Ground Floor, Rangs Nasim Square, House no, 27 Rd No :- 2"
The Forest Lounge,Dhanmondi,Restaurant,4.1,1828,3,"Imperial Amin Ahmed Centre (rooftop), House #54, Road#, 10/A Satmasjid Road"
Street Oven,Dhanmondi,Fast Food,3.9,98,1,"736 Rangs KB Square, Ground Floor , Road - 9/A, Satmasjid Road"
Izakaya,Dhanmondi,Sushi,4.5,893,3,"Green Rawshanara Tower (Level – 9) 755, Satmasjid Road, C/A"
The Cafe Rio,Dhanmondi,Buffet,4.1,2305,2,"House # 54, level #11, Road #, 10/A Satmasjid Road"
Cafe Bagdad Biriyani & Kabab House,Dhanmondi,Restaurant,4.1,375,1,Katashur
Bhooter Bari,Dhanmondi,Restaurant,3.9,1157,2,"House: 1/5, Road: 7 Block#D"
Grind House Musical - Dhanmondi,Dhanmondi,Restaurant,4,53,1,"Rangs KB Square, Satmasjid Road"
ChayaNir Biriyani House,Dhanmondi,Kebab shop,3.8,226,1,"1, 5 Satmasjid Road"
Ghoroa Food And Kabab Mini Chinese,Dhanmondi,Fast Food,3.9,145,1,"5/3, 1207 Sher-E-Bangla Rd"
TBC-Dhanmondi,Dhanmondi,Japanese,4,543,2,"House #1/5, Block#D"
Alfresco Dhanmondi,Dhanmondi,Continental restaurant,4.2,2359,2,"Rangs Nasim Square, H.No 275/D (Old), 46 kha (new), 2nd Floor, Rd No. 27"
New Dhanmondi Restora,Dhanmondi,Bangladeshi,3.9,92,1,"112/H, East Rayer Bazar, Road No. 8-A, West"
Delhi Darbar,Dhanmondi,Indian,3.8,767,2,"2nd Floor, Plot No.: 67 (New), Navana Gh - Height, Space A2, Sat Masjid Road, Dhanmondi"
Art Of Food,Dhanmondi,Restaurant,4.1,51,1,"Rangs KB Square, 8th Floor, 736 Satmasjid Road"
Lailaty,Dhanmondi,Restaurant,4.2,1125,2,"Satmasjid Rd, House#54/1, Road#3/A"
Kabooz Restaurant,Dhanmondi,Restaurant,3.8,99,2,"H # 741, Eastern Elite Center, Level 5, Dhanmondi 9/A, সাতমসজিদ সড়ক, Dhanmondi  In Eastern Elite Center"
BFC (Best Fried Chicken),Dhanmondi,Chicken,4.4,53,2,"Green Rowshanara Tower, First Floor, 755 Satmasjid Road  In Green Rowshanara Tower"
Cafe Droom,Dhanmondi,Restaurant,3.9,1066,2,"House 89, 2 Rd No 12A"
ইউরো হাট,Dhanmondi,Fast Food,4.2,103,1,"Rapa Plaza, Shop No. 31, H No. 1, R No. 10, 1 Road No. 16, Dhanmondi  In Rapa Plaza"
Preetom Dhanmondi,Dhanmondi,Fast Food,4.1,93,1,In Ambala Inn
Pizza Inn Dhanmondi,Dhanmondi,Pizza,4.1,1615,2,"Navana GH Heights, 67, Satmasjid Road"
Mazeda Cafe and Restaurant,Dhanmondi,Restaurant,4,90,1,"Nizam Shankar Plaza, Sat Masjid Road, Ground Floor, Dhanmondi  In Nizam’s Sankar Plaza"
Genial Buffet,Dhanmondi,Restaurant,3.7,482,2,"Rangs KB Square, 9/A H.No 736 Level 8, 15 Satmasjid Road"
Dawat E Biriyani,Dhanmondi,Biryani,3.9,536,1,"House: 8a, Road No 4"
Fokruddin Restaurant,Dhanmondi,Bangladeshi,3.9,447,1,"House No-03, 4th Floor, Happy Arcade, Road No-03, Dhanmondi  In Dr.Refatullah's Happy Arcade"
2.O Cafe & Restaurant,Dhanmondi,Restaurant,3.5,2624,1,"Ahmed and Kazi Tower, Level 2, House:35, Dhanmondi 2"
Kudos Dhanmondi,Dhanmondi,Restaurant,4.2,316,1,"1/5, Block-D, lalmatia"
Dhaba Dhanmondi,Dhanmondi,Restaurant,4.1,1223,2,54 Rd 10/A
Olympia Palace,Dhanmondi,Restaurant,3.9,506,2,748 Satmasjid Road
Food Square Dhanmondi,Dhanmondi,Restaurant,4.1,95,1,Satmasjid Road
Rice & Noodles Dhanmondi,Dhanmondi,Fast Food,3.9,249,1,"Holding No: 67, 2nd Floor, G.H Heights, Sat Masjid Road, Opposite Bangladesh Medical"
The Cafe Rio Limited,Dhanmondi,Buffet,3.9,2747,2,"Mir Noor Square House No-43,Level 4, Road No-2/A, 1205 Opposite Jigatola Bus Stand  In Burger King"
Spicy Ramna Restaurant,Dhanmondi,Buffet,4.2,1808,2,"Imperial Amin Ahmed Center House # 54 Road # 10/A, Satmasjid Road"
The Mirror,Dhanmondi,Chinese,4,773,2,"39/A, Road no. 8, Dhanmondi, Near Sheikh Jamal Cricket Academy"
GAME ON Sports Cafe,Dhanmondi,Restaurant,4.1,647,2,"Rangs KB Square, Level 12, 755 Satmasjid Road"
Sugar & Spice,Dhanmondi,Restaurant,4.1,757,2,"House- 40, Road- 27, Dhanmondi"
Crush Station,Dhanmondi,Restaurant,4,376,1,"Zigatola Bus Stand, 60 Satmasjid Road"
Bella Italia,Dhanmondi,Pizza,4.2,606,2,"Dhanmondi ADC Empire Plaza, (1st Floor), Plot 91, Road 12/A, Satmasjid Road, Opposite Pizza Hut, Dhanmondi  In ADC Empire Plaza"
Ozong Restaurant,Dhanmondi,Restaurant,3.9,303,2,"K.B. Rangs Square, 2nd Floor, 49/A Satmasjid Road, Dhanmondi, Opposite To Kakoli High School"
Ohana Diner,Dhanmondi,Sea-food,4,141,1,"Bangladesh Eye Hospital, House 133, Captain Road, New 9/A Dhanmondi, Behind the, Dhanmondi 27"
The Great Kabab Factory (Dhanmondi),Dhanmondi,Restaurant,4.2,704,3,"Imperial Amin Centre 7th floor, House #54, Road# 10/A, Satmasjid Road"
Uthan Cafe n Restaurant,Dhanmondi,Restaurant,4,505,2,"House-19, Ground Floor, Road No 12, Dhanmondi"
New Cheers Restaurant,Dhanmondi,Chinese,3.7,631,2,"House No 30/A, Road No, 27 old) 16"
Black Pepper,Dhanmondi,Restaurant,3.7,74,1,"Rangs KB Square, Level- 11, 49/A Satmasjid Road"
Sultan's Dine Dhanmondi,Dhanmondi,Restaurant,4.3,13788,2,"Green Akshay Plaza 1st Floor Satmasjid Road 146/G (Old), 59 (New"
Xinxian Restaurant,Dhanmondi,Chinese,4.1,3236,2,"House no. 7, Road no. 8, Dhanmondi"
California Fried Chicken (CFC),Dhanmondi,Fast Food,4.1,577,2,"Road No. 27, Old Rd No. 27"
Chef's Table - Dhanmondi,Dhanmondi,Food court,4.3,2890,1,"House No 80 Road 8/A, Satmasjid Road"
Khana's Dhanmondi,Dhanmondi,Fast Food,4.3,763,1,"House: 146/D(Old), 42(New), Road, 2 Satmasjid Road"
Pinewood Cafe N' Restaurant,Dhanmondi,Restaurant,4.2,2910,2,"House no: 19, Rd No 12"
Cafe Euphoria,Dhanmondi,Restaurant,3.9,1966,2,60 Satmasjid Road
Star Hotel & Kabab,Dhanmondi,Restaurant,4.1,19190,2,"22, House 16 Rd No. 2"
Pinewood: Cafe + Kitchen Dhanmondi,Dhanmondi,Restaurant,4.4,277,1,4 Rd No. 6
Xindian Restaurant,Dhanmondi,Chinese,4,3278,2,"House No.55, 55/A (New), 273 (Old) Road No.: 16 (New), 27(Old, 55/1 Rd No. 27"
Kacchi Bhai - Dhanmondi,Dhanmondi,Biryani,4.1,1577,2,In Rayer Bazar Kacha Bazar
Star Kabab,Dhanmondi,Restaurant,4.1,2609,2,"Satmasjid Road, বীর উত্তম এম এ রব সড়ক"
Euro Hut,Dhanmondi,Fast Food,4.2,315,1,"GF No.: 6-7, H No.: 61, R No.: 6/A, Anam Rangs Plaza, Satmasjid Road, Dhanmondi  In Anam Rangs Plaza"
Uthanbari Restaurant and Party centre,Dhanmondi,Restaurant,4.1,66,1,"H-3, Basement , R-3, Happy Arcade Shopping Mall  In Dr.Refatullah's Happy Arcade"
S'MORES CAFE & RESTAURANT,Dhanmondi,Restaurant,4,677,1,"28, 20 Rd No. 2"
XINXIAN Restaurant,Dhanmondi,Restaurant,4,1642,2,"House No, 1 Rd No 8"
Bunkers Dhanmondi,Dhanmondi,Restaurant,3.9,175,2,"Green Rowshanara Tower, Satmasjid Road"
Pizza Hut,Dhanmondi,Pizza,4.3,6361,2,Plot # 754 Satmasjid Road
Cilantro,Dhanmondi,Restaurant,4.1,1427,2,49 Satmasjid Road
Boishakhi Bangla Restora,Dhanmondi,Bangladeshi,3.9,181,1,"House No: 5/2, 3rd Floor, Kashba Center, Road No 4, Dhanmondi"
Biye Bari Restaurant,Dhanmondi,Restaurant,3.7,1487,2,"67, GH Heights (7th Floor, Satmasjid Road"
Darling Point,Dhanmondi,Bangladeshi,3.7,271,1,Zigatala Road  In MCT Hafizullah Green
Ancholik Khana,Dhanmondi,Bangladeshi,4.1,1062,2,"H.No 69, Road, R/A, 2 Niribili Project"
Paprika Restaurant,Dhanmondi,Restaurant,4.1,697,2,"House No 55, Road No 4A, Saatmasjid Road, Dhanmondi"
Shad Tehari Ghar,Dhanmondi,Bangladeshi,4,1352,2,12 Block #C
Adi Korai Gost Restaurant Jonson Road,Dhanmondi,Bangladeshi,3.6,952,2,"1st Floor, House#55/A, Satmosjid Road, Rd No. 4A  In AMM Convention Center"
Takeout Dhanmondi,Dhanmondi,Fast Food,4.3,4483,2,"Level - 3 No, Rangs KB Square, 736, 9/A Satmasjid Road  In KB Square"
Star Hotel and Kabab,Dhanmondi,Restaurant,4.1,7893,1,"66, 67 S J Jahanara Imam Sharani"
Shakib's 75 Restaurant,Dhanmondi,Restaurant,4.4,249,1,In RUPAYAN ZR PLAZA
Cafe SOI3,Dhanmondi,Restaurant,4.1,1728,2,In Newcastle Law Academy
The Old Street,Dhanmondi,Restaurant,3.9,485,2,"5th floor, Opposite to Abahani Field, 754 Satmasjid Road"
Bar B Q Tonite,Dhanmondi,Barbecue,4.3,2695,2,"House No.58, Road No.16 (NEW) , 27(OLD Dhanmondi R/A"
Al-Amar,Dhanmondi,Lebanese,4.2,1358,3,"275/D, Rangs Nasim Square, 4th Floor, 27 Dhanmondi, Road No.16"
A & W,Dhanmondi,Fast Food,4,1196,1,"House No# 39/C, 1st Floor, Road No#14/A, Satmasjid Road"
Hangout Restaurant,Dhanmondi,Restaurant,3.9,808,2,"R Plaza, H.No 746, level 11, Rupayan Z (Old - 9/a), Satmasjid Road, 1209 Rd No 19  In RUPAYAN ZR PLAZA"
Araaz Restaurant & Banquet,Dhanmondi,Restaurant,3.9,706,2,"LEVEL-5, Rapa Plaza, DHANMONDI-27  In Rapa Plaza"
Fajitas,Dhanmondi,Restaurant,3.9,108,1,"Shimanto Square rooftop food court, Road 2/A  In Shimanto Square"
"Chilekotha Restaurant, Dhanmondi",Dhanmondi,Restaurant,3.5,451,2,"House-39/A, Rd No. 8"
bbq Bangladesh,Dhanmondi,Restaurant,4.2,1624,2,"3rd Floor, 67, GH Heights, Shatmoshjid Road Opp Bangladesh Medical"
Chunk,Dhanmondi,Restaurant,3.9,1051,2,30 Rd No. 5
CP Five Star - Sahabi Food,Dhanmondi,Restaurant,4,99,1,"H # 268, R # 8/A, West"
The Buffet Lounge,Dhanmondi,Buffet,4,96,1,"5th floor, Navana GH Heights, Satmasjid Road"
Handi,Dhanmondi,Indian,4.1,3688,2,"9/A , Rupayan Z.R Plaza, Level - 2 Road No. New 46, Satmasjid Road  In RUPAYAN ZR PLAZA"
Al Baik,Dhanmondi,Restaurant,4,163,1,"House No. 81, First Floor, Rd No. 8A  In Green Taj Center"
Tsunami Restaurant,Dhanmondi,Bangladeshi,3.9,1369,2,15/1
Thyme Restaurant,Dhanmondi,Restaurant,3.5,321,1,"House 275#D (LEVEL 12, Rd No. 27"
The Courtyard at Park Heights,Dhanmondi,Restaurant,4.4,1096,2,"Road No. 9, House -2"
Adda Restaurant,Dhanmondi,Restaurant,4,1383,2,"House#8,Road#4"
"Guhaa,The Cave Kitchen",Dhanmondi,Continental restaurant,3.7,1400,1,"Level 9, 9/A, H.No 736, KB Square, 15 Satmasjid Road"
Bachelor Point,Dhanmondi,Restaurant,4.1,129,1,12 Dhanmondi Lake Road
Bismillah Hotel And Restaurant,Dhanmondi,Restaurant,3.8,96,2,37 Green Rd
Pasta State Dhanmondi,Dhanmondi,Restaurant,3.7,1656,2,"House No 81, 3rd Floor, Green taj Center, 8A Satmasjid Road  In Green Taj Center"
27nombor - Shatash Nombor - ২৭ নম্বর,Dhanmondi,Restaurant,4.2,411,1,"House 352/A (19 new), Street 27 (16 new"
Baburchi Restaurant,Dhanmondi,Restaurant,3.7,509,2,"H#55/A, Rd#4/A, Satmasjid Road  In AMM Convention Center"
Coffee World,Dhanmondi,Cafe,4,929,3,"House-44, Road-27(old), Gemcon Building, 1st Floor, Dhanmondi"
Ulta Voot The Restaurant,Dhanmondi,Restaurant,3.9,595,2,House 36 Rd No. 2
Cafe Darbar,Dhanmondi,Indian,4.2,2412,2,"Nilu Square, House # 75, Ground Floor, Rd No. 5/A"
"Domino's Pizza, Dhanmondi, Dhaka",Dhanmondi,Pizza,4.3,7451,2,"Rangs Fortune Square, Ground & First Floor House/ Plot no #32, Rd 02"
Absolute BBQ BD,Dhanmondi,Restaurant,4.3,1819,3,"Ahmed and Kazi tower, Level 7, Road 2, 35 Dhanmondi R/A"
Paffin Chinese Restaurant,Dhanmondi,Restaurant,3.7,101,2,Keraniganj  In Haji Kalachan Plaza
Cocktails,Dhanmondi,Restaurant,3.4,303,2,12/A Lalbagh Rd
Delhi Darbar,Dhanmondi,Restaurant,3.8,603,2,"Punorbashon Area, Holding # 979 (2nd Floor), Plot # 25, BLOCK # B"
Mezbaan Restaurant,Dhanmondi,Bangladeshi,3.7,65,1,"jawchar bazar, Hazaribagh Rd"
Allah'r Daan Biriyani House,Dhanmondi,Biryani,4,142,1,"97/1, 92 Sukrabad Rd"
Yellow Cafe,Dhanmondi,Cafe,4.1,967,2,House 17 Rd No. 2
The Red Window,Dhanmondi,Cafe,4.1,226,1,Rd No 11
Panshee,Dhanmondi,Chinese,3.8,1400,2,Rd 10
PIZZA PASTA DINE,Dhanmondi,Restaurant,3.2,453,2,In Green Taj Center
Haque Hotel & Restaurant,Dhanmondi,Restaurant,3.8,93,1,"25/A, Bir Uttam K M Safiullah Sharak, Green Road, Dhanmondi"
Bhorta Bari Restaurant,Dhanmondi,Restaurant,4.2,209,1,Zahir Raihan Rd
Oyster Mini Chinese And Restaurant,Farmgate,Chinese,3.6,411,1,"27 Monipuri Para, Sangshad Avenue"
Lalbag Biriyani House,Farmgate,Bangladeshi,3.7,51,1,"64, East Rajabazar, East Side of Masjid"
Bibiyana Tehari O Biryani Ghar,Farmgate,Restaurant,3.7,67,1,"27/1, Indira Road, Farmgat"
Chinese New Plaza Restaurant,Farmgate,Restaurant,3.7,154,1,78 Green Rd
New Indira Hotel And Restaurant,Farmgate,Bangladeshi,3.8,82,1,"22 No, সার্কেল, Indira Rd"
New Purabi Hotel And Restaurant,Farmgate,Bangladeshi,3.7,237,1,"49, East Farmgate - Tejturi Bazar Rd"
Tasty Treat - Farmgate,Farmgate,Bakery,3.9,970,2,27/1 Indira Rd
Park View Restaurant,Farmgate,Restaurant,4,249,1,26 Indira Rd
Skylight BBQ Cafe Restaurant,Farmgate,Restaurant,3.9,150,1,22 Indira Rd
Seasonal Tastes,Gulshan,Pan Asian,4.6,205,3,"The Westin, Main Gulshan Ave  In Dhaka Westin"
Thikana Day Outers,Gulshan,Restaurant,3.9,1831,2,"Thikana, Bara"
Sparrows,Gulshan,Cafe,3.8,107,1,"House 7, 2 Rd No 71"
Santa Monica Bakery,Gulshan,Bakery,4.3,67,1,"House number: 06 (6th Floor), Road number: 2/B, Block: J"
Six Seasons Restaurant & Party Center,Gulshan,Restaurant,4.2,51,1,In Six Season Restaurant
Tabaq Coffee,Gulshan,Cafe,4.5,2662,2,"House 22, 1st Floor, Crystal Palace, Road No 140, Gulshan Ave"
Koyla,Gulshan,Restaurant,4.1,1838,2,411 Bir Uttam Mir Shawkat Sarak
The Courtyard Bazaar,Gulshan,Restaurant,4.1,488,2,21 Rd 112
Rose Wood Residence,Gulshan,Hotel,4.1,195,1,"House # 6/A. Road #13, Gulshan- 1"
Executive Inn,Gulshan,Hotel,4.1,271,1,155/A Gulshan North Ave
"Butlers Chocolate Café, Gulshan",Gulshan,Chocolate shop,4.4,3625,3,175 Gulshan North Ave
Little India,Gulshan,Restaurant,3.7,238,1,"Plot 05, RM Center (2nd Floor Road 37, 101 Gulshan Ave"
Long Beach Suites Dhaka,Gulshan,Hotel,4.3,2436,1,"4g, Winter Garden, House # CEN 4 (G), Road # 104 Gulshan-2 ঢাকা 1212 BD, 2 Rd 104"
Fuchka & Chotpoti House,Gulshan,Fast Food,3.9,83,1,"Shop No. F-17, Suvastu Nazar Valley, Shahjadpur, Gulshan-2  In Suvastu Nazar Valley Shopping Complex"
Six Season Restaurant,Gulshan,Restaurant,4,833,2,7 Rupnagar Rd
Shanghai10,Gulshan,Restaurant,4.2,95,1,"Level 7, House 100, Road 11, Block C Same Floor Of Sushi Samurai"
"Koreana Restaurant, Dhaka.",Gulshan,Korean,4.3,1812,2,"House No, 22 Rd 123"
Thai Emerald,Gulshan,Thai,4.3,1690,3,"House 24 গুলশান 1, 4/B রোড নং ২"
King's Kabab And Restaurant,Gulshan,Bangladeshi,3.8,334,1,"House # 65, Road 3, Block B, Niketon, Gulshan 1"
Meat Theory,Gulshan,Restaurant,4.4,368,1,"Tower (Level 3), House, Classic, 1 Road 11"
Machan Restaurant মাচান রেষ্টুরেন্ট,Gulshan,Restaurant,4,219,1,"Marium Tower-1, Kha- 66/5, Shajadpur, Gulshan Lake Drive Road, (behind"
The Smokes Bangladesh,Gulshan,American,4.1,161,1,"Crystal Palace 2nd Floor House SE (D) 22 Road 140, Bir Uttam Mir Shawkat Sarak"
BG Sauslys Private Limited,Gulshan,Fast Food,4.3,164,1,"House No, Shariatullah Bhaban, 121/C Gulshan Ave"
Korea Bangladesh Club & Restaurant Ltd.,Gulshan,Bar,4.2,847,2,"Grand Heritage Concord, Gulshan-2 House no Opp, 22 Rd No 76"
Alif Restaurant,Gulshan,Fast Food,3.7,73,1,"House- 145, Road- 3, Block- A, Niketan, Gulshan"
Six Seasons Hotel,Gulshan,Hotel,4.3,4925,1,"House No 19, Road No 96, Gulshan 2"
"Thai Emerald, Dhaka.",Gulshan,Thai,4.3,1212,2,"House 24 গুলশান 1, 4/B রোড নং ২, Dhaka 1212"
Pacific Lake View Hotel & Resort Ltd.,Gulshan,Hotel,3.9,351,1,"House #7,Road #23/C,Gulshan 1"
Oro,Gulshan,Bakery,4.4,611,1,"Rangs Arcade, 1st Floor, 153/A Madani Ave  In Rangs Arcade"
Kiva Han কিভা হান,Gulshan,Cafe,4.2,1629,2,"1st floor House, 1/A Rd 23"
The White Canary Café And Marble Slab Creamery,Gulshan,Cafe,4.2,1098,3,12a Rd 86
Bitter Sweet Cafe,Gulshan,Cafe,4.1,856,3,"House No. 10, 2nd Floor, Road No. 53, Gulshan 2"
Oro,Gulshan,Continental restaurant,4.3,213,1,"Rangs FC Enclave, House 6/A Rd 32"
KFC,Gulshan,Chicken,4.1,4314,2,"Plot-02, BLOCK-SW(H), House-50, South Avenue Tower, Road-3 Opposite of OLD KFC, 7 Gulshan Ave"
Hotel De Crystal Crown,Gulshan,Restaurant,3.9,363,1,House # 5 Rd 23/A
PEYALA Dcc,Gulshan,Cafe,4.3,1131,2,"Gulshan DCC and Super Market, Shop No G3, N - S Rd"
"MOVENPICK Ice Cream & Coffee, Gulshan",Gulshan,Ice Cream,4.5,1139,2,"House No 121/C, Shariatullah Bhaban, Opposite of Pink City Shopping Mall"
Khazana Mithai - Gulshan 2 Outlet,Gulshan,Indian sweets shop,4.1,507,2,"Taher Tower, Shop No#122 (Ground Floor  In Taher Tower Shopping Center"
Steak House Restaurant And Lounge,Gulshan,Restaurant,4.2,272,2,"Kohinoor House #3, Rd No. 2"
THE WAY Dhaka,Gulshan,Hotel,4.3,891,1,"House No 10/B/2, Road-54/B"
"Four Points by Sheraton Dhaka, Gulshan",Gulshan,Hotel,4.4,3778,1,6/A North Avenue Commercial Area  In Doreen Tower
Chaap Station,Gulshan,Fast Food,4,769,2,"Highlights info row image 222,Tejgaon I/A, Tejgaon Link Road, Gulshan Link Road  In The Garage Food Court"
Brews & Bites,Gulshan,Cafe,4,338,3,"First Floor, 112 Gulshan Ave"
Luncheon Food & Restaurant,Gulshan,Restaurant,3.9,189,1,Gulshan
Fusion Cafe,Gulshan,Cafe,4,121,1,74 Gulshan Ave
Renaissance Dhaka Gulshan Hotel,Gulshan,Hotel,4.5,719,1,78 Gulshan Ave
Amari Dhaka,Gulshan,Hotel,4.5,5833,1,"House no: 88, 47 Rd No 41"
Chef's Table Courtside,Gulshan,Food court,4.5,5298,1,Beraid
The Westin Dhaka,Gulshan,Hotel,4.5,11913,1,"Main Gulshan Avenue, Plot-01 Rd 45"
Fish & Co. Bangladesh,Gulshan,Sea-food,4.2,2573,3,22 গুলশান বাড্ডা সংযোগ সড়ক Crystal Palace
Laughing Buddha,Gulshan,Thai,4.3,165,1,"Rangs Arcade, 4th floor, 153/A Gulshan North Ave  In Rangs Arcade"
The Great Kabab Factory,Gulshan,Restaurant,4.4,1192,3,"H.No 31, Shamshuddin Mension, Level 5 Opposite Four Point By sheraton"
Pizza Roma,Gulshan,Pizza,4.2,867,2,House 36 Rd 117
138 East,Gulshan,Restaurant,4.3,2394,3,House 10 Rd 138
Izumi Japanese Kitchen,Gulshan,Japanese,4.5,1302,1,"24, House no: 88, 24C Rd No 113/A"
Man Mo,Gulshan,Restaurant,4.2,353,2,"house 6/A, road 113,Top Floor"
নওয়াব চাঁটগা,Gulshan,Restaurant,4.1,1723,2,"Navana Tower, Gulshan-1 Dhaka 1212 Bangladesh ( behind, 45 Gulshan Ave"
Purnima Restaurant,Gulshan,Restaurant,3.7,1054,2,"50, Habib Market, Gulshan Avenue, Gulshan 1, Opposite Navana Tower"
Krua Thai,Gulshan,Thai,3.9,1622,3,"Near Gulshan Shooting Club, Bir Uttam Mir Shawkat Sarak"
Lahore by iKITCHEN,Gulshan,Restaurant,4.9,245,1,"১৪/বি, সড়ক নং ৬৮"
Abacus The Cafe & Restaurant,Gulshan,Buffet,3.8,1967,2,Star Center Plot -2A Block SE (C) Road 138 Ground & 1st Floor
Olive Garden,Gulshan,Chinese,3.8,345,2,House 37 Rd Number 35/A
Tokyo Express,Gulshan,Japanese,4.2,1458,2,"House No: 16/B, Road No: 112"
Kosturi Kitchen,Gulshan,Restaurant,3.8,717,2,"Borun Bhavan Market ( 2nd Floor), Gulshan 2 Circle, Kemal Ataturk Ave"
Samdado Japanese Cuisine,Gulshan,Japanese,4.2,385,1,"House No, 27 Rd Number 35/A"
Nikkei,Gulshan,Restaurant,4.1,106,1,"House 16B, 1212 Rd 112  In Rangs Arcade"
Food Palace,Gulshan,Restaurant,3.8,499,2,"House No. SWF 4/A, Road No 1, Gulshan - 1"
Bistro-E,Gulshan,Restaurant,4.4,1109,3,"Bay's Edgewater 1st Floor NE (N, 12 Gulshan North Ave"
Bunka,Gulshan,Japanese,4.2,270,3,"13th Floor, Road 96, House 19, Gulshan 2"
S A V V A,Gulshan,Restaurant,4.4,141,1,"14th Floor, 3A Rd 49"
Meraki,Gulshan,Restaurant,3.9,375,3,188 Gulshan North Ave
Fakruddin Jhalkari,Gulshan,Bangladeshi,3.9,60,1,"House- 6, Road- 133, Gulshan- 1, Behind Fakruddin Restaurant"
Herfy Bangladesh,Gulshan,Fast Food,4.3,5600,2,"1 Gulshan Avenue, Road-1, House-1. GL Bhaban Ground Floor,1st Floor"
The Chocolate Room,Gulshan,Restaurant,4.2,709,1,"Plot # SE(C)2, Road #138, Ground Floor, Gulshan Ave"
Cozy Sizzler Restaurant,Gulshan,Restaurant,4.2,268,1,"Plot# CEN 4G, Road# 104, 1212. Dhaka, Bangladesh 1212"
Chittagong Bull,Gulshan,Restaurant,4.2,2152,2,"Opposite Shahjalal Islami Bank, 112 Gulshan Ave"
Farzi Café Dhaka,Gulshan,Restaurant,4.1,149,1,Tower of Akash
Umai,Gulshan,Japanese,4.3,480,3,House 8 Rd No. 50
Premium Sweets,Gulshan,Restaurant,4.3,2287,3,"Plot No.22, 2nd Floor, Rob Super Market Gulshan 2 circle"
Cafe Eden,Gulshan,Restaurant,4.3,955,3,"House: 1, Road: 56/61"
Crème de la Crème Coffee,Gulshan,Restaurant,4.3,936,3,"House: 33, Road: 46"
Tony Roma's,Gulshan,American,4.4,985,1,"1st Floor), Plot- 40, Concord Bilkis Tower, 6 Madani Ave"
Burger King Gulshan 2,Gulshan,Hamburger,4.2,2199,2,"Gulshan Tower, Plot 31, Gulshan North, C/A"
Lounge Comida,Gulshan,Restaurant,4.2,200,1,"House No.: 2, Road No. 22 & 23, Gulshan R/A"
Bella Italia,Gulshan,Italian,4.3,1395,2,"Rangs FC Enclave , 2nd floor, Road 32 Plot 6/A, Gulshan Ave"
Pizza Hut,Gulshan,Pizza,4.3,3752,2,Road #140 SEF -1 Bir Uttam Mir Shawkat Ali Sarak New Road Rangs RD Square
Gulshan plaza restaura - GPR Banani,Gulshan,Restaurant,4,396,2,10 Enamul Hoq Chowdhury Road
Kabab Factory,Gulshan,Restaurant,4,745,3,"H.No, 9/A Rd 53"
Khushboo Restaurant,Gulshan,Restaurant,4.1,919,2,"House no 60/B, Road No 131, 2nd Floor, Gulshan-1"
Wok & Fire,Gulshan,Restaurant,4.1,195,2,Rd 23
Guitar Strings,Gulshan,Restaurant,4.1,350,2,"House No-67/D, Level-6, Block-E, Road No.-11"
Fakhruddin Restaurant,Gulshan,Restaurant,3.9,2185,2,"37, South Gulshan, Circle-1"
Pizza & More - All the Goodness of Sicilian Food,Gulshan,Pizza,4.5,113,1,House No- 9/A (NW1) (Ground Floor) Road No-53
Sky Pool Restaurant,Gulshan,Continental restaurant,4.1,224,1,"15th Floor, House 19 Rd 96"
Sura Korean Restaurant,Gulshan,Korean,4.3,386,3,House 32 Rd No 43
Umbrella Restaurant,Gulshan,Restaurant,3.8,266,2,In Navana Tower
TOKYO KITCHEN,Gulshan,Japanese,4.1,500,1,House 1 Rd No. 54/A
Raffinato Ristorante Italiano,Gulshan,Italian,4.3,200,1,H 9 Rd 36
BAO,Gulshan,Continental restaurant,4.2,805,2,"House 1/A 1st floor, Unit-2, রোড নং # ২৩"
Kasturi Restaurant,Gulshan,Bangladeshi,4.1,200,1,House #CESF 11/A Road No 130
Pizza Inn Gulshan 1,Gulshan,Restaurant,4.2,813,2,76 Gulshan Ave
Farmhouse Burger,Gulshan,Restaurant,4.4,1247,3,23 Gulshan Ave
"Spaghetti Jazz, Dhaka",Gulshan,Restaurant,4.2,739,3,"Rob Bhaban. Plot 3 ( 4th floor) , Gulshan circle II  In Rob Bhaban (Zaman Holdings)"
Kiyoshi,Gulshan,Japanese,4.5,632,3,"House No. 24, 4/B Road No 2, Gulshan-1"
Sultan's Dine Gulshan Branch,Gulshan,Bangladeshi,4.3,6121,2,"1st floor, Samsuddin Mansion, House: 41 Road: 52"
Shaw's Steakhouse,Gulshan,Steak,3.9,825,3,"Eva Rose, House# 6/B, Road# 44, 6 Rd 44"
Thai Signatures,Gulshan,Thai,4.3,389,1,House 6/A Rd 113
Garlic 'n Ginger- Gulshan,Gulshan,Buffet,4.5,61,1,"10th floor, Jabbar Tower, 42 Gulshan Ave  In Jabbar Tower"
KFC,Gulshan,Fast Food,4.2,1155,2,"2nd Floor, RM Center, House-101, Road 37 Gulshan Ave"
El Toro Mexican Restaurant,Gulshan,Mexican,4.2,827,1,H # 9/A R # 36  In Gulshan-2 33/11 kV Sub-Station
A&W Restaurants Bangladesh,Gulshan,Restaurant,4.1,1232,3,"House No: 01, 1st Floor, Progress Tower, Road No 23"
Pizza Hut,Gulshan,Pizza,4.2,886,2,"RM Center, House-101( 2nd Floor, Gulshan Ave"
Bamboo shoot,Gulshan,Restaurant,4.2,866,3,"1st Floor, RM Center, 101 Gulshan Ave"
Chef's Table,Gulshan,Food court,4.5,4620,1,"Level 2, 1212 Rd 90"
Sushi Tei Bangladesh,Gulshan,Japanese,4.3,790,3,Rd 112
Horse & Horse Patisserie,Gulshan,Restaurant,4.1,1163,3,"Plot: 53, Gulshan Ave"
Menisha Chinese,Khilgaon,Chinese,3.3,161,2,"929/C, Khilgaon, Taltola"
Red Chilli Chinese Restaurant & Party Center,Khilgaon,Restaurant,3.7,869,2,"1st Floor, House # 2 Rd Number 3"
Farid Bon Appetit,Khilgaon,Restaurant,3.9,437,2,574/C Shahid Baki Rd
Cafe Appeliano,Khilgaon,Restaurant,4.1,2566,2,"Sahid Baki Road, Khilgaon, Taltola, 568, Block - C"
Caviar Chinese Restaurant,Khilgaon,Chinese,3.6,635,2,শহীদ বাকি সড়ক
KAVAN,Khilgaon,Restaurant,3.8,1248,2,"960/B, Khilgaon, Chowdhury Para, Shahid Baki Rd"
Blue Moon Restaurant & Party Centre,Khilgaon,Restaurant,3.9,785,2,"926/C, Khilgoan , Taltola More"
Charkoal Restaurant,Khilgaon,Restaurant,4.2,140,2,"932/C, Khilgaon, Taltola"
Big Apple Restaurant and Party Center,Khilgaon,Restaurant,4,675,2,Shahid Baki Rd
Garden Café,Khilgaon,Restaurant,4,75,1,920 Shahid Baki Rd
Onnorokom Friends and Family Cafe,Khilgaon,Restaurant,3.9,107,1,"Khilgaon Chowrasta Jame Masjid & Madrasa, 1414/1/A"
NFC Fast Food & Coffee House,Khilgaon,Fast Food,3.9,134,1,"City Super Market, Taltola Market Rd"
BaganBari Restora,Khilgaon,Restaurant,3.7,118,1,Link Rd
The Chess BD,Khilgaon,Restaurant,3,223,1,"394/B, Shahid Baki Road Beside Pallima Sangsad. Khilgaon"
Candle Light Chinese Restaurant and Party Center,Khilgaon,Chinese,3.9,282,1,Shiddhirganj  In Shimrail Paura Truck Terminal
Chinese World,Khilgaon,Chinese,3.6,87,1,"Block#C, House#929, Khailgaon, Taltola"
Panch Foron Restaurant,Khilgaon,Restaurant,3.6,101,1,"House 338/17/C, Khilgaon, Taltola Rd"
Drips Bakery & Cafe,Khilgaon,Bakery,4,148,1,"House 472, Block C, Khilgaon"
Bismillah Kabab Ghar and Restaurant,Khilgaon,Restaurant,4,55,1,"369/1, Gulbagh Railgate, Lake Rd Gulbagh"
China Park Chinese Restaurant,Khilgaon,Chinese,3.6,1187,2,"1/A, B,C, Atish Deepankar Road, Railgate"
Tom And Jerry,Khilgaon,Restaurant,3.6,89,1,"729/C, Khilgaon"
Café Kathmandu,Khilgaon,Nepalese,3.6,389,2,"581, c Malibagh Chowdhury Para Rd"
La Fiesta,Khilgaon,Restaurant,4.1,691,1,397/B Shahid Baki Rd
Cactus Restaurant,Khilgaon,Restaurant,3.8,71,1,House 7 Rd 4
Oliver's Restaurant,Khilgaon,Chinese,3.8,661,2,568/C khilgaon
LongHorn Steak & Pizza,Khilgaon,Steak,4.4,293,1,78/B Malibagh Chowdhury Para Rd
Color Cafe,Khilgaon,Restaurant,3.9,597,2,"373/B, Khilgaon Taltola, 3rd Floor"
Mamun Biriyani House - Khilgaon,Khilgaon,Restaurant,4.3,232,2,1139/A Rd No 16
Tune & Bite Music Cafe,Khilgaon,Restaurant,3.8,623,2,"566/A, 3rd Floor, Block-C, Khilgaon Taltola, Shahid Baki Road"
Sub Lover's,Khilgaon,Mexican,4,857,1,"01, Shahid Baki Road, Khilgaon Taitola, House#380, Block-B"
Khana's Khilgaon,Khilgaon,Fast Food,4.3,381,1,"397/B Malibagh Chowdhury Para Road, Shahid Baki Rd"
The Cookbook,Khilgaon,Restaurant,4.4,70,1,920/C Khilgaon
Bunkers,Khilgaon,Restaurant,3.8,836,2,"373/B, Shotodol Rose Heights, 2nd Floor, Taltola Road, Khilgaon"
Yumm Minion,Khilgaon,Fast Food,4.1,674,1,"376/B, Khilgaon, Taltola"
Shawarma King,Khilgaon,Restaurant,4,660,2,"Nightingale Skyview, House - 566/A, Block - C, Khilgaon Taltola(2nd Floor, Shahid Baki Rd"
Basilico,Khilgaon,Restaurant,4.1,1071,2,399/B Shahid Baki Rd
Cafe Adda Khilgaon,Khilgaon,Restaurant,3.9,73,1,589 Shahid Baki Rd
Alfresco Khilgaon,Khilgaon,Restaurant,4.1,1391,1,In ONDA MARIS & BEVANDA VENEZIANA
Continental Cook Restaurant,Khilgaon,Restaurant,4.5,73,1,"Shotodol Rose Heights, Taltola Rd"
FRIENDS COFFEE,Khilgaon,Restaurant,4.1,72,1,"Frineds coffee, 380/B Taltola Rd"
Royal Orchid Restaurant,Khilgaon,Chinese,3.7,479,2,"B3377, Khilgaon Taltola"
Pizza Town Khilgaon,Khilgaon,Restaurant,4.1,97,1,"Sky View Nazma Tower, 6th Floor, Level 5, 368/B"
Kudos Khilgaon,Khilgaon,Restaurant,4.2,389,1,920/C Shahid Baki Rd
Spicy Fast Food & Restaurant,Mirpur,Fast Food,4,207,1,"199-1/A, Old Kachukhet Rd"
গ্যালারীয়া রেস্টুরেন্ট অ্যান্ড ক্যাফে,Mirpur,Restaurant,4,518,1,"City Club Market (2nd Floor), Road No #01, Pallabi, Mirpur #12"
Biswas Restaurant,Mirpur,Restaurant,4,140,1,"Paka Masjid, Kamal Soroni Rd, Dhaka"
Chader Bari Rooftop Restaurant,Mirpur,Chinese,4.1,340,2,"239/3 middle Pirerbag , pabna goli, Kamal Soroni Rd"
Shawarma House,Mirpur,Restaurant,3.9,553,2,"Pallabi Bus Stand, Mirpur 11.5, Begum Rokeya Avenue"
AFC Chinese & Restaurant,Mirpur,Restaurant,4.3,109,1,26 Mirpur Rd
Kudos Mirpur,Mirpur,Restaurant,4.2,398,2,"House 5/6, Lane No: 15"
"Grand Prince Thai & Chinese Restaurant, Dhaka.",Mirpur,Chinese,3.9,1127,2,"PARADISE PLAZA, PLOT NO. 6 & 11 MIRPUR-1,"
Hot Plate Pallabi,Mirpur,Bangladeshi,4.1,1138,1,Rd No. 20
"Celebrate Cafe & Restaurant (Pallabi, Mirpur)",Mirpur,Bangladeshi,4.2,465,2,House 191 রোড নং ১০
Etikotha Restaurant & BBQ,Mirpur,Restaurant,3.6,329,2,Shagufta New Rd
Rabbani Hotel,Mirpur,Restaurant,4.1,5197,2,"Plot# 55, Avenue# 1, Block# B Mirpur 10 Roundabout"
Xinxian Restaurant-Mirpur10,Mirpur,Chinese,4,2167,3,Plot-11 Rd No. 8
Pizza Hut,Mirpur,Pizza,4.2,481,2,"House No.: 03, Dr. Refat Ullah's Happy Arcade, Road No.: 03, Mirpur Rd  In Dr.Refatullah's Happy Arcade"
Al-Baraka Hotel & Restaurant,Mirpur,Restaurant,3.8,1684,2,"Mirpur Rd, 10 Gulchattor"
Madchef Mirpur,Mirpur,Fast Food,4.2,2214,2,"2nd Floor, Senpara Porbota, Plot 13 Rd No. 1"
KFC,Mirpur,Restaurant,4.1,1382,2,"Sony Cinema Hall, 1216, 2 Mirpur Road, Ist Floor Plot-1, Block-D,Sector-02"
Burger King Balaka Outlet,Mirpur,Fast Food,4,741,2,"Hasan Movies, Balaka Bhaban, 3 Mirpur Rd"
Santoor Restaurant,Mirpur,Indian,4.1,1515,2,"House no. 2, Road No 32, Mirpur Rd"
Kazi Asparagus Food Island Kalshi,Mirpur,Food court,4.1,8125,1,"167/40, Kalshi road, Matikata, Near matikata Steel Bridge, dhaka Cantt"
PizzaBurg Mirpur,Mirpur,Pizza,4.4,6863,2,"Avenue Road Section:2 , Block: A, Avenue:1 , House: 12/1"
The Hub Restaurant,Mirpur,Restaurant,3.7,533,2,15/3
Pasta Express Mirpur,Mirpur,Restaurant,3.9,380,1,"15/3 Borobag (60 Feet, Near Monipur School), Mirpur 2"
ROOF 360 Restaurant & Party Center,Mirpur,Restaurant,4,469,1,"Plot 23, RSH Tower, Main Rd No. 3"
Ghorer Chhowa Restaurant,Mirpur,Restaurant,3.7,181,1,বেগম রোকেয়া সরণী
Dream Cafe,Mirpur,Restaurant,4.4,216,2,116 Mazar Rd
Kacchi Bhai - Mirpur-1,Mirpur,Restaurant,4.1,582,2,"M.M Islam Plaza, 1-B Avenew ,1-13 , Main Road (0.88 mi) Dhaka, Bangladesh 1216"
Tess,Mirpur,Restaurant,4,177,2,"Shahid Sarani Garrison, 6 Rd No. 6  In Shorobor"
Shahi Indian spicy,Mirpur,Restaurant,3.3,63,1,2 রোড নং ২
DSS West Café Restaurant,Mirpur,Cafe,4.1,473,3,586/1 Begum Rokeya Avenue
Robot Restaurant Bangladesh,Mirpur,Restaurant,3.6,248,1,"Family world tower, 2/6, Mirpur road, Asad gate"
"Food Engineering,Branch-2",Mirpur,Fast Food,4.1,147,1,"728/2, Monipur 60Feet Road , Mirpur, Dhaka -1216"
B.J. Cafe & Restaurant...Party Center,Mirpur,Family-friendly,3.8,329,1,"161, 1/C, 1206 Matikata Rd"
Western Grill,Mirpur,Fast Food,4.2,106,1,"12th Floor, Rupayan Khan Plaza, House No-18 (New), 500/A (Old, Road-7 Mirpur Rd"
Mirpur Pitha Ghor,Mirpur,Restaurant,3.7,276,2,"Rd No. 12,House-34,Shop no-2&3,Rupnagar R/A,1216"
Forest Lounge,Mirpur,Restaurant,3.7,136,1,1038 Begum Rokeya Avenue
City Lounge,Mirpur,Restaurant,3.7,75,2,16/8 Begum Rokeya Avenue
Meet N Treat,Mirpur,Restaurant,3.9,221,2,"Rangdhunu Complex, 3rd Floor, Pallabi, Section-12  In রংধনু শপিং কমপ্লেক্স"
Signature Food Court,Mirpur,Restaurant,4.1,437,1,"Sultan Mansion, Roof Top (9th Floor) Holding No. 3, Begum Rokeya Avenue"
New Dhansiri Restaurant (নিউ ধানসিঁড়ি রেস্টুরেন্ট),Mirpur,Restaurant,3.7,121,2,Dhaka - Aricha Hwy
"Restora Basmoti, Mirpur -1",Mirpur,Restaurant,3.8,591,2,"Block G, House No, 32 Rd Number 5"
Chef Restaurant,Mirpur,Restaurant,3.6,532,2,754 Begum Rokeya Ave
Pizza Live,Mirpur,Restaurant,4.3,76,1,3449 Shagufta New Rd
Fire & Forks,Mirpur,American,4,88,1,Zoo Road
Mughal Restaurant And Mini Chinese,Mirpur,Restaurant,3.8,54,2,"145/1 Mirpur 11.5 Pallabi, Begum Rokeya Ave"
Green Mango Restaurant,Mirpur,Restaurant,3.9,216,2,"House- 18, Avenue- 2, Block- G, Section- 2, Mirpur- 2"
"ভূতের বাড়ী, মিরপুর সাড়ে এগারো।",Mirpur,Restaurant,4,687,2,"3/1, 1/3 Pallabi"
Muslim Restaurant,Mirpur,Restaurant,3.8,91,2,"Plot # 12, Road # 01 (Club Road), Section # 10, Mirpur"
Grand Prince Chinese & Convention Hall,Mirpur,Chinese,4.2,790,1,"Sultan Mansion, Holding No. 3, Begum Rokeya Avenue"
Grand Prince Hotel Dhaka Bangladesh,Mirpur,Hotel,3.9,1162,1,"Paradise Plaza, Com. Plot # 6 and 11, Mirpur - 1"
The Food Company Mirpur,Mirpur,Family-friendly,4.3,231,1,"New Market, 5 Mirpur Rd  In Mirpur New Market"
KFC,Mirpur,Fast Food,4,2130,2,"Plot# 14 Road# 3, Block# A, Mirpur 11, Harun Mollah Shorok, Main Road"
Cafe 60 fit Hotel And Restaurant,Mirpur,Bangladeshi,3.9,88,1,"22/12, Borobag, Mirpur-02"
Cornucopia,Mirpur,Fast Food,4.6,100,1,"House no. 6, Road 18, Block B Mirpur 10 Roundabout"
Yellows' Kitchen,Mirpur,Restaurant,3.8,736,2,"213, 1 Kamal Soroni Rd"
Dhaba,Mirpur,Bangladeshi,4.1,374,1,House-15 Lane-14
3 FOOD,Mirpur,Restaurant,4.1,1159,1,"Sun Electronics, 1st Floor, Kachukhet Road"
Yummy Yummy,Mirpur,Fast Food,3.9,267,1,"Road-3, House-2, Block-A, Mirpur-10"
VIP's Restaurant & Party Center,Mirpur,Restaurant,3.8,383,2,"Plot-43, Block-E, Zoo Road"
"Gossip Restaurant, Dhaka.",Mirpur,Restaurant,3.8,191,1,"In front of gate-05 road opposites , Mirpur shere-e-bangla national stadium"
Cafe Rain Street,Mirpur,Restaurant,4,737,2,House- 32 Rd No. 5
NOSH - food at first sight,Mirpur,Restaurant,4.1,189,1,14 East Shewrapara
Food Castle,Mirpur,Restaurant,4,114,1,"Shop No 3, 3rd Avenue, Mirpur 1"
Tour De Cyclist,Mirpur,Restaurant,4.3,710,2,"House No-30, Section-7, Mirpur-11"
Dosa House,Mirpur,Restaurant,3.7,417,2,"Plot 2, Main road 1, Block A, Mirpur 13 bus stand, beside Rahimafroz, Mirpur Rd"
New Cafe Dhanshiri,Mirpur,Restaurant,3.8,1137,2,"8, Block B Main Road"
Midnight Sun - 2,Mirpur,Restaurant,3.8,865,3,3/B Mirpur Rd
90's Cafe,Mirpur,Restaurant,3.8,87,1,"Shop No #13, 7th Floor- Food Court, Mirpur DOHS Shopping complex, Rd Number 9  In Mirpur DOHS Shopping Complex"
GOVINDA'S SWEETS & RESTAURANT,Mirpur,Vegetarian,4.7,80,1,2 Rd No. 2
Piyang King Restaurant,Mirpur,Restaurant,3.8,232,2,"Plot 19 , Main Road, 1 Mirpur 10 Roundabout"
Pizza Hut,Mirpur,Pizza,4,1112,1,"Sony Cinema Bhaban, Ist Floor, Plot-1, Block-D,Sector-02, Mirpur, Dhaka-1216"
Cafe Gossip,Mirpur,Fast Food,3.8,240,1,Dar - Us - Salam Road
Jhal Cafe And Lounge,Mirpur,Food court,3.7,128,1,"11(D, H, 75 (A Rd 1"
Matka Cha & Momo,Mirpur,Restaurant,3.7,906,2,Kamal Soroni Rd
Taste Co. Mirpur-12,Mirpur,Restaurant,4,757,2,"Signature Food Court, 8th Floor, Sultan Mansion Prince plaza building, Holding 3, Mirpur-12"
Original 10 Restaurent,Mirpur,Restaurant,4,146,1,"Block-A, House- 1 Rd No. 3"
Dcups Dine,Mirpur,FineDining,4.1,108,1,"42/1 Block #E, 1216 Zoo Road"
Prince Kitchen,Mirpur,Fast Food,4.1,390,1,"Sujat Mansion, 3 Begum Rokeya Avenue"
Cafe Mirpur,Mirpur,Fast Food,3.7,564,2,"Cafe Mirpur, House # 10, Road# 9, Block# C, Section#6, Mirpur"
Handi House Restaurant,Mirpur,Restaurant,3.8,316,1,"69/A, Middle Pirerbag, 60 Feet Road, Opp Paka Masjid, Mirpur"
Goonjon Bangla Cafe,Mirpur,Cafe,3.8,113,2,"75, 12 Kalshi Rd"
Chandu Nehari,Mirpur,Bangladeshi,4,1949,1,"Near Bihari Camp Rd No. 6, Shagufta New Rd"
Organic Restaurant,Mirpur,Restaurant,3.7,331,2,Love Road
"ফুড্ডু FOODDO - নান্না বিরিয়ানী, ফুড্ডু কাবাব এবং ফুড্ডু চা",Mirpur,Restaurant,4,104,1,"24, 1 Pallabi, Dhaka 1216"
7 Heaven Restaurant,Mirpur,Restaurant,3.6,392,2,728 কামাল সরণী
Takeout Mirpur,Mirpur,Hamburger,4.2,203,1,"Sagufta RM Center Plot #16&17(L-G) Main road, Mirpur 11"
Hazi Nanna Biriyani,Mirpur,Biryani,4.1,1366,2,"Mirpur Benaroshi Palli Gate-1, Ma Vila, Block-A, Section-10, Avenue-1-36/2, Mirpur-10"
Cafe Wanderlust,Mirpur,Restaurant,3.9,400,2,Section 6
Khana's Mirpur,Mirpur,Restaurant,4.2,1253,2,"Block C, Avenue 5"
Pizza Sapore BD,Mirpur,Restaurant,3.9,242,1,"Shop 3 Block E, Avenue 3"
Soudiya Catering & Restaurant,Mirpur,Bangladeshi,4.1,248,1,"Avenue 5, Holding 33, Block B, Adjacent Madrasa Market, Bot Tola, Mirpur 6"
PAPIZZA,Mirpur,Restaurant,4,71,1,"Block-A, Plot:3/4, Avenue 5"
Kathbadam Restaurant,Mirpur,Restaurant,3.7,780,2,"Dasura Tower (2nd Floor), Mirpur Road"
The Hub Rooftop Restaurant,Mirpur,Restaurant,3.9,227,1,29 Zoo Road
Cheez Mirpur,Mirpur,Restaurant,4.4,83,1,"Block A, Mohammed Ali Tower, 3rd floor, Upoma plaza, House, Rd No. 4"
Kababish,Mirpur,Restaurant,4.1,1007,1,149/Ka Janata Housing Road
Banolata Coffee Shop and Restaurant,Mirpur,Restaurant,4.2,703,2,"2/12, Pallabi, Mirpur, Begum Rokeya Avenue"
Delicious Restaurant,Mirpur,Restaurant,4.3,125,2,House 1 Rd No. 7
Chilis,Mirpur,Restaurant,4.1,1468,2,"House no. 2, Road No 32, Mirpur Road, Dhanmandi"
Herfy Mirpur,Mirpur,Fast Food,4.4,327,1,"Plot - 2 (Ground Floor), Road - 11, Block - C, Mirpur 11"
In n Out,Mirpur,Restaurant,4,901,2,"Ave- 1, House- 14, Block- A"
The Bitcoin Cafe,Mirpur,Restaurant,4,123,1,88 Zoo Road
Daily Dose Kitchen -Restaurant in Pallabi Mirpur,Mirpur,Restaurant,4.2,140,1,"House#157, Road#2/1, Block#A, Mirpur"
Shakib's 75 Restaurant & Convention Hall Ltd.,Mirpur,Restaurant,4,628,1,Mirpur Rd
Food Enginnering,Mirpur,Restaurant,4.3,168,1,"Beside vision showroom, 239/3,1st floor, Middle Pirerbag, Mirpur 60 Feet Road, 4.44 mi"
Hungry Restaurant,Mirpur,Restaurant,3.7,335,2,Dcc-7
Popeyes Plus Restaurant,Mirpur,Restaurant,3.5,118,1,"Adjacent to Mirpur D.O.H.S Check Post, Sagufta/Ali-Nagar"
Food Engineering,Mirpur,Fast Food,4.1,838,1,"728/2,monipur,dhaka-1216"
Fakruddin Restaurant,Mirpur,Restaurant,3.8,393,2,"Mirpur 11 bus stand, বেগম রোকেয়া সরণী, Section-11, Block- A, Main Road, House-5, Pallabi, Mirpur, Opp. Side Of Standard Chartered Bank"
IQRA Restaurant,Mirpur,Restaurant,3.8,702,2,586 Begum Rokeya Avenue
Quick Bite Restaurant,Mirpur,Restaurant,3.7,344,2,"House No: 2/A, Section- 10, Block- A, Road No: 4, Mirpur"
Regal Cafe & Mini Chinese - Mirpur Branch,Mirpur,Restaurant,3.9,443,2,"52-54, City Club Market, Mirpur 11.5 Bus Stand"
Hakka Kitchen,Mirpur,Chinese,4.1,303,2,"Orchid Plaza, Level-2, House No: 2, Road No: 28(New Road: 15, Mirpur Rd"
Chill Out,Mirpur,Restaurant,4.1,397,2,"241, 1 Kamal Soroni Rd"
Khalek Hotel And Restaurant,Mirpur,Restaurant,3.7,53,1,Mirpur-10
Xinxian Restaurant,Mirpur,Restaurant,4.3,2169,3,"Plot-11 Rd No. 8, Dhaka 1216"
Mehfil Restaurant,Mohakhali,Bangladeshi,3.6,50,1,"75/7, wirelessgate"
CrunCheese Mohakhali,Mohakhali,Restaurant,4,70,1,68 Mohakhali Bazar Rd
Cinnamon Restaurant,Mohakhali,Restaurant,3.9,418,2,In Mohakhali Community Center
Mum's Kitchen and Restaurants,Mohakhali,Bangladeshi,4,118,1,"22, Bir Uttam AK Khandakar Road"
The Dining Lounge,Mohakhali,Restaurant,4,2677,2,"Shotodol Rose Heights, 373/B, Level 3, Shahid Baki Rd"
Namira Restaurant,Mohakhali,Restaurant,3.6,1184,1,"CS Plot No: 70, VIP Road, Mohakhali"
Captain's World,Mohakhali,Fast Food,4,7316,1,"Zahangir Gate, New Airport Road"
Mejban Restaurant & Kabab Ghor,Mohakhali,Bangladeshi,3.7,92,1,8 Rd No 8
Namira Sub Lover,Mohakhali,Fast Food,3.7,76,1,"C S Plot- 70, V.I.P Road, Mohakhali"
Khabar Dabar Restaurant,Mohakhali,Restaurant,3.8,857,2,44 Mohakhali Bazar Rd
Jarina Hotel And Restaurant,Mohakhali,Bangladeshi,3.7,233,1,336/E E Nakhalpara Rd
Bhai Bhai Hotel & Restaurant,Mohakhali,Restaurant,3.6,91,1,"Ka-111/3/3, Niketan Bazar, Mahakhali, Dakshinpara"
Cakesake,Mohakhali,Restaurant,4,55,1,Bon Bhaban Rd
Oriental Restaurant,Mohakhali,Restaurant,3.8,229,1,Bir Uttam AK Khandakar Rd
Alfresco,Mohakhali,Restaurant,4.1,512,2,218b Bir Uttam Mir Shawkat Sarak
HungryNaki,Mohakhali,Deliveryservice,3.7,214,1,"House B148, Road 22, New"
Corner View Ador Hotel & Restaurant,Mohakhali,Restaurant,3.5,75,1,"166/1/A, East Kafrul, Dhaka Cantonment"
DInn,Mohakhali,Restaurant,3.7,56,1,47 Mohakhali Flyover
The Garage Food Court,Mohakhali,Food court,4.2,2325,1,"222, Bir Uttam Mir Shawkat Sarak"
Skyline Restaurant and Party Center,Mohakhali,Restaurant,4.5,73,1,"12th Floor Raowa Convention hall VIP Road, Bypass"
"RAOWA CONVENTION HALL 1 Helmet, Level 2",Mohakhali,Restaurant,4.5,143,1,"RAOWA Convention Hall, Bir Uttam Ziaur Rahman Rd"
Cafe Bismillah,Mohakhali,Restaurant,3.9,147,2,"চ-১৫০, ওয়্যারলেসগে, ব্রাক ইউনিভার্সিটির পাশে"
Bel Piatto Closed permanently,Mohammadpur,Fast Food,3.9,312,1,"Bel Piatto, House # 13, Road # 7, P.C Culture Housing Society, (Shekhertek, Mohammadpur), Adabor"
Garden Ship ⚓️,Mohammadpur,Restaurant,3.6,63,1,"Residential Model School & College, 32/1, Block-D, Sher Shah Shuri, Tajmahal Road, Mohammadpur,Dhaka-1207, 1205 Just behind"
Filmy Cafe,Mohammadpur,Fast Food,3.5,313,1,"বাড়ি নং- ২৪, Rd No. 9"
Bhojon Bilash Kabab and Biriyani,Mohammadpur,Biryani,3.7,161,1,"House-12 Road--6, Shakhertek, KHA Pisciculture Housing Society"
HELVETIA,Mohammadpur,Restaurant,4.1,79,1,"25, 9 Tajmahal Rd"
Cafe Britto - ক্যাফে বৃত্ত,Mohammadpur,Cafe,4.2,530,2,"836, Baitul Aman Housing Society, Rd No. 2"
Bismillah Hotel And Biryani House (বিসমিল্লাহ হোটেল & বিরিয়ানী হাউজ),Mohammadpur,Restaurant,3.8,440,1,"97/7/2 Dhaka Real estate, Bosila Road"
Arabian Nights Restaurant,Mohammadpur,Restaurant,4,1194,2,"22/14 Block C, Tajmahal Rd"
Mexican Subway,Mohammadpur,Restaurant,4.2,243,1,"17, 14 Tajmahal Rd"
Selim Kabab Ghar,Mohammadpur,Kebab shop,4.2,2186,1,8/6 Salimullah Rd
New Jannat Hotel,Mohammadpur,Restaurant,3.9,353,1,আসাদ এভেনিউ  In Mohammadpur Town Hall Market
The blue plate,Mohammadpur,Fast Food,3.6,71,1,25 Tajmahal Rd
Indian Spicy,Mohammadpur,Restaurant,3.7,350,1,"Block C, 25/3 Tajmahal Rd"
KLUB MIX,Mohammadpur,Pizza,4.2,94,1,"floor, Z-20, 3rd, Mohammadpur Tajmahal Rd"
Fuu Restaurant - ফু রেস্টুরেন্ট,Mohammadpur,Restaurant,4.2,223,1,26 Rd No. 12
Kazi Farms Kitchen,Mohammadpur,Restaurant,3.9,143,1,"15, 12 Tajmahal Rd"
PIZZA GALLERY,Mohammadpur,Restaurant,4.2,75,1,"32, 19 Tajmahal Rd"
The Mughal Empire Mohammadpur,Mohammadpur,Restaurant,4.2,945,2,"House #25/2,Block #C,2nd Floor, Tajmahal Rd"
Food Heaven,Mohammadpur,Restaurant,3.8,135,2,"10/1, Razia Sultana Road, Mohammadpur"
Probartana,Mohammadpur,Fast Food,4.3,104,1,"2/8 Sir Syed Road, Mohammadpur"
Kashbon Restora,Mohammadpur,Bangladeshi,3.8,197,1,"1/1, Aziz Mohalla, Kaderia Madrasha Road, Mohammadpur"
Rainforest Cafe,Mohammadpur,Restaurant,4.2,102,1,"15, 6 Tajmahal Rd"
New Prince Restaurant,Mohammadpur,Restaurant,3.6,68,1,"Sahid Salimullah Road, Mohammadpur, Jame Masjid Market"
Bhooter Adda Restaurant - Mohammadpur,Mohammadpur,Restaurant,3.7,83,1,"Block- D, 31/9 Sher Shah Suri Rd"
Bon Appetit Delight,Mohammadpur,Restaurant,4.1,146,2,"Z-20, Level 2, Tajmahal Rd"
Mazaa,Mohammadpur,Bangladeshi,4.3,2231,2,23 Tajmahal Rd
Kudos Mohammadpur,Mohammadpur,Restaurant,4.3,285,2,"Y, 10 Nurjahan Rd"
onFire,Mohammadpur,Restaurant,3.9,1464,2,"4 No. Shilpo Plot, Ring Rd"
Treat Cafe & Restaurent Mohammadpur,Mohammadpur,Restaurant,3.9,305,1,"2, 7 Nurjahan Rd"
Meherjaan Dining,Mohammadpur,Restaurant,3.9,269,2,"Shop- 613-616, Shyamoli Square Shopping Mall, Mohammadpur  In Shyamoli Square Shopping Mall"
UniCafe Restaurant & Fun,Mohammadpur,Restaurant,4.4,153,1,"Probal Tower (Level-3 45 Probal Housing, Ring Rd"
Grand Prince Thai & Chinese Restaurant,Mohammadpur,Restaurant,4.1,2107,2,"Nobi Tower, 30 Ring Rd  In Prince Bazar Limited"
Mostakim Varieties Kabab & Soup,Mohammadpur,Restaurant,3.8,4710,1,"H.No 4 Opposite Government School, Gajanabi Rd  In Russell Nandini"
Sky Chef Restaurant,Mohammadpur,Restaurant,4,175,2,"11, Kaderabad Housing, Road#4"
Lemongrass,Mohammadpur,Japanese,4.4,104,1,36 Rd No. 3
Laa Eatery Restaurant,Mohammadpur,Restaurant,4.2,174,1,"15, 2 Tajmahal Rd"
KFC,Mohammadpur,Fast Food,4,1516,2,"Shiuly Plot No. 1107/A, 1105/B Baitul Aman, Housing Society"
The Pabulum,Mohammadpur,Restaurant,4.3,1035,1,"25, 3 Tajmahal Rd"
Qureshi Kabab n' Restaurant,Mohammadpur,Restaurant,4.1,479,2,"1, 9 Nurjahan Rd"
নয়াবাড়ী ১৬/২,Mohammadpur,Caterer,4.4,301,2,"House # 16, 2, Block Tajmahal Rd"
Hotel Green & Restaurant,Mohammadpur,Restaurant,3.6,380,1,"Mohammadpur, Sher Shah Suri Rd"
Nur Biriyani House & Catering Service,Mohammadpur,Bangladeshi,4,94,1,"32/14, Tajmohol Road, Krishi Market, Block- C, Mohammadpur"
Bexi Cafe,Mohammadpur,Fast Food,3.7,548,1,"32/19, Kha, Block-C, Taj Mahal Road, Opposite Of Krishi Market, Mohammadpur"
Smile Food Corner,Mohammadpur,Bangladeshi,4.2,1405,1,"House No. 24, Road#8, Ground Floor, Block Kha, PC Culture Housing, Sekhertek, Mohammdpur, Adabar"
Disney Dine,Mohammadpur,Restaurant,4.1,646,2,"Noorani Tower, 24/B, Ring Road, Mohammadpur"
Pizza Square,Mohammadpur,Pizza,3.9,2541,2,"M1 1209, নূরজাহান সড়ক"
City Hotel & Biryani,Mohammadpur,Bangladeshi,3.8,237,1,"Plot No: 1, Dhaka Uddan Main Gate, Mohammadpur"
Dawat Restora And Kabab House,Mohammadpur,Bangladeshi,3.6,80,1,"House-836, Road-2, Baitul Aman Housing, Adabor, Mohammadpur"
Amzad Hotel & Kabab Ghar,Mohammadpur,Restaurant,3.8,131,1,"11/11, Block-D, Lalmatia, Salimullah Road, Mohammadpur"
Noorjahan Restaurant,Mohammadpur,Restaurant,3.5,60,2,"House No. 1, Road No. 4, Pc Culture Housing Society, Shakhertek 4, Adabar  In PROBE Bangladesh Ltd"
Mona Mamar Halim & Soup,Mohammadpur,Restaurant,4.1,624,1,"14, 3 Salimullah Rd"
Lignite,Mohammadpur,Restaurant,4.1,170,1,"14, 11 Iqbal Road"
Nova Blue birds Restaurant & Party Center,Mohammadpur,Restaurant,3.8,50,2,"House H-94/Gha/8, Islam Market, New Bochila Road, Mohammadpur"
Shawarma Village,Mohammadpur,Restaurant,3.6,306,2,"Y, 13-C Nurjahan Rd"
American Burger Mohammadpur Branch,Mohammadpur,Fast Food,4,195,1,17 Tajmahal Rd
The Food House by Saffron Threads,Mohammadpur,Restaurant,4,321,2,"22, 15 Khilji Rd"
Kalai Rutir Adda,Mohammadpur,Restaurant,4.1,352,1,"U-59, Noorjahan Road"
Catering Service Tehari Ghor,Mohammadpur,Biryani,4.1,266,1,"P C Culture Housing Society, House - 21, Road 10, Block, Sadek Khan Rd"
Koi-Pabda & Lobster Restaura,Motijheel,Restaurant,3.9,301,1,"Alam Tower, 12 DIT Ave"
Chung Wah Restaurant,Motijheel,Restaurant,3.9,440,2,"12/A BijoyNagar, Pioneer Rd"
Zafran Restaurant,Motijheel,Restaurant,4,155,1,"167/7, DIT Avenue"
Cafe Famous Wari,Motijheel,Fast Food,3.9,81,1,"Golam Mustafa Garden, 17/A Rankin St  In Wari Sub Post Office"
Hanif Biryani,Motijheel,Bangladeshi,4.1,212,1,"Karim Chamber, 99 Motijheel Road"
Sung Garden Restaurant,Naya Paltan,Chinese,4.1,1067,1,"Akram Tower,14th floor 15/5, Shahid Syed Nazrul Islam Sharani, 5 Bijoy Nagar Road  In AKRAM TOWER"
Capital Bangla Restaurant,Naya Paltan,Restaurant,3.8,75,1,69 Naya Paltan
Weston Restaurant,Naya Paltan,Restaurant,4.2,526,2,"1000, 1/1 Rupayan Taj, Box, Culvert Road"
Sky Deck Restaurant,Naya Paltan,Restaurant,4.1,50,1,212 Shahid Syed Nazrul Islam Sharani
Bird's Eye Roof Top Restaurant and Convention Hall,Naya Paltan,Restaurant,4.2,1727,3,"Baitul View Tower, H.No 56/1 19th floor  In Baitul View Tower"
FARS Hotel & Resorts,Naya Paltan,Restaurant,4.2,3231,1,"Akram Center, 212 Shahid Syed Nazrul Islam Sharani"
"Bellavista, Dhaka.",Naya Paltan,Restaurant,4.1,219,1,"Polwel Super Market, 69/1, Naya Paltan"
Hotel Kasturi (Pvt.) Ltd.,Naya Paltan,Restaurant,4.2,678,3,8 Purana Paltan Line
Radhuni Restaurant,Naya Paltan,Restaurant,4,298,2,"1st floor, House No, Sultan Ahmed Plaza, 32 Purana Paltan"
Gentleman’s Rest Bar,Naya Paltan,Restaurant,4.3,114,1,176 Shahid Syed Nazrul Islam Sharani  In Kaizuddin Tower
Beauty Lacchi and Faluda,Old Dhaka,Restaurant,4.3,2688,1,30/1 Kazi Alauddin Rd
Boomers Cafe,Old Dhaka,Restaurant,4,2183,1,"Navana Baily Star (3rd Floor) 9 Nawratan Colony, New Baily Rd  In Navana Baily Star"
Royal Castle,Old Dhaka,Restaurant,4,1070,2,50 Lalbagh Rd
Nanna Biriyani House,Old Dhaka,Biryani,4,238,2,71 Kazi Alauddin Rd
Euro Mini Chinese & Thai Food,Old Dhaka,Chinese,3.7,94,2,"31/1, Syed Awlad Hossain Lane"
Sultan's Dine (Old Dhaka),Old Dhaka,Biryani,4.2,2138,1,88 Abdul Hasnat Rd
Dosa Express,Old Dhaka,SouthIndian,4.1,1342,2,"3rd Floor, Gold Palace, 3 New Baily Rd"
Pizza Inn,Old Dhaka,Pizza,4.1,2290,3,"1st Floor, Sony Cinema Hall, Zoo Road"
Adi Korai Gosto,Old Dhaka,Restaurant,3.7,137,1,42 Johnson Rd
Jhaalmukh Restaurant Ltd.,Old Dhaka,Restaurant,3.9,288,3,"Office 47, Dilkusha C/A, 7th Floor, Motijheel"
Shanghai Chinese Restaurant & Party Center,Old Dhaka,Chinese,3.6,185,2,"N. Islam Tower 99, Dholaipar (Bus Stand)"
Hanif Biryani,Old Dhaka,Biryani,4.2,1942,2,30 Kazi Alauddin Rd
Seagull Restaurant,Old Dhaka,Restaurant,4.1,585,2,"12th Floor, Hossain Tower, 116 Culvert Road"
Nirob Hotel,Old Dhaka,Bangladeshi,4,2137,1,"H.No 114 নাজিমুদ্দিন রোড, Near Old Central Jail"
Grand Area Restaurant,Old Dhaka,Restaurant,4,130,1,"Malek Garden, 61 Shotish Sharkar Road"
B cafe restaurent & party center,Old Dhaka,Restaurant,3.5,121,1,3no Dhakeshwari Rd
Taj-E-Nawab,Old Dhaka,Restaurant,3.8,638,2,"Tower (4th Floor, AK Famous, 41 Rankin St"
Kudos,Old Dhaka,Restaurant,4,192,1,15 Rankin St
Burger Vibes,Old Dhaka,Fast Food,4.3,617,1,"22, cha/1 Dhakeshwari Rd"
ঠান্ডাই Premium,Old Dhaka,Restaurant,4.1,92,1,"17, 12 Rankin St"
Holiday Park Thai & Chinese Restaurant,Old Dhaka,Chinese,3.9,363,2,"55/2, Shoshi Vuson Chaterjee Lane Dhupkhola"
UniCafe Restaurant & Fun,Old Dhaka,Restaurant,4.1,599,2,36 Rankin St
Street Oven Wari,Old Dhaka,Pizza,4,194,1,"Shop – 1/B, Right Side, House – 29/1 (1st Floor, Tipu Sultan Rd"
Wafa's Kabab Fort,Old Dhaka,Fast Food,4.1,446,1,"25, 1 Shaista Khan Rd"
Maruf Biriyani House,Old Dhaka,Biryani,4.1,1047,2,"128, Hazaribagh Bazar, High Mansion"
Grand Darbar Restaurant,Old Dhaka,Restaurant,4,596,2,26 Hatkhola Rd
PIZZA Garage BD,Old Dhaka,Restaurant,4.3,474,1,22/5 Dui Nong Dhakeswari Rd
Haji Kacchi Biriyani,Old Dhaka,Bangladeshi,4.1,66,1,"1, Lalbagh Road, Lalbagh Chowrastha, Lalbagh"
Takeaway,Old Dhaka,Fast Food,4.1,538,1,Polashi
Bhooter Bari Restaurant,Old Dhaka,Restaurant,4,1824,2,"32/34/Ka, Lalbagh Road, (Oposite"
Spice & Herbs Restaurant,Old Dhaka,Restaurant,4.1,163,2,"90/91 SH Plaza, 1st Floor, Nazimuddin Road"
Dawat-E Kabab,Old Dhaka,Restaurant,3.8,281,2,"157, ডিষ্টিলারি রোড, Gandaria"
Sung Garden,Old Dhaka,Chinese,4.1,332,2,In Probashi Kallyan Bhaban
Haji Biryani,Old Dhaka,Biryani,4.1,2513,2,"99, Motijheel b/a, (Karim Chamber), Beside Biman Office"
Helicon Garden Restaurant,Old Dhaka,Restaurant,3.7,413,2,"19, 1,19/2 Bakshi Bazar Road"
Big Bite,Old Dhaka,Fast Food,4.1,1274,1,"Hakim Plaza, 22/1 Sonargaon Road"
Savour Food,Old Dhaka,Fast Food,3.6,73,1,31/1 Azimpur Rd
Western Garden,Old Dhaka,Chinese,3.8,269,2,"Fortune Villa, 16/10 Rankin St"
Old Town Restaurant.,Old Dhaka,Restaurant,3.8,51,1,"33/34, Keshab Benarjee Road, Loharpul"
Waterfall Restaurant & Convention Hall,Old Dhaka,Restaurant,3.8,1023,2,"Rupayan Trade Center, 2nd floor, 114 Kazi Nazrul Islam Ave"
La Jawab Fast Food,Old Dhaka,Fast Food,4,128,1,105 Dinanath Sen Road
Amigos Pizza,Old Dhaka,Pizza,4,50,1,"Abul, Abdul Hasnat Rd"
The Dining Lounge wari,Old Dhaka,Restaurant,3.7,1218,1,8 Rankin St
Party Palace Thai-Chinese Restaurant and Party Centre,Old Dhaka,Restaurant,3.8,99,1,"B, Kaisar Tower, 27, 3-A Dhakeshwari Rd"
Grand Haveli,Old Dhaka,Restaurant,3.8,859,2,"3rd Floor, Rose Valley 29, Rankin Street"
Cafe M'eating,Old Dhaka,Restaurant,3.8,171,2,16/10 Rankin St
Vutto Hotel,Old Dhaka,Restaurant,3.8,148,1,"Subol Das Road, Lalbagh, লালবাগ সড়ক"
Masterchef Cuisine,Old Dhaka,Restaurant,4.2,66,1,47/A Narinda Rd
Haji Biriyani,Old Dhaka,Biryani,4,3155,2,70 Kazi Alauddin Rd
Lal Miyar Shahi Biriyani House,Old Dhaka,Bangladeshi,3.9,117,1,15/A Azimpur Rd
এ ওয়ান ফুড এন্ড পেস্ট্রি,Old Dhaka,Fast Food,4.1,243,1,104 Azimpur Rd
Mamun Biriyani Special,Old Dhaka,Bangladeshi,3.7,708,1,86 Nazimuddin Rd
Pasta Club Wari,Old Dhaka,Restaurant,4.1,546,1,9 Rankin St
Kolkata Kacchi Ghor,Old Dhaka,Biryani,4.2,4113,1,14 Abdul Hasnat Rd
Sofor Biriyani,Old Dhaka,Bangladeshi,3.8,71,1,Narinda Ln
Maa Shahi Halim,Old Dhaka,Restaurant,4.3,139,1,63 Subal Das Rd
Biyebari Restaurant,Old Dhaka,Bangladeshi,3.7,111,1,"29/8, K.M.Das Lane, Tikatuli"
Hira Fried Chicken & Biryani House,Panthapath,Bangladeshi,3.7,119,2,"89/2 Haq Chamber, Ground Floor, West, Panthapath  In Haque Chamber"
Oshto Banjan Panthapath,Panthapath,Restaurant,4.1,136,1,"20/5 West Panthapath, Cornel Rashid Square Near Square Hospital, Panthapath"
Cheese Lab,Panthapath,Restaurant,3.7,659,2,"20/5 west, Panthapath"
Manin Chinese Restaurant,Panthapath,Chinese,3.6,247,2,"1/1, A, Free School Street, Sonargaon Road"
Cloud Bistro,Panthapath,Restaurant,3.9,1169,2,"Rowshan Tower, 152/2A-2 (1st Floor, Panthapath Road"
Sausly's Foods,Panthapath,Fast Food,3.9,103,1,"Unit 04, 19/4, Pantha Path"
Green Veil Thai And Chinese Restaurant,Panthapath,Chinese,3.8,205,2,154 Green Rd
DPL Restaurant & Bar,Panthapath,Bar,4.3,1084,2,"147, a 1 Green Rd"
Cafe Al-Barakah,Panthapath,Restaurant,4.1,283,2,Bir Uttam Kazi Nuruzzaman Rd
Kudos Panthapath,Panthapath,Restaurant,4.3,94,1,"Sundaram Plaza, 20/3 Panthapath"
KFC,Panthapath,Fast Food,4,1237,2,"55-2, Bir Uttam Kazi Nuruzzaman Sarak, (West Panthapath Ground Floor, Union House  In Union Heights"
BFC (Best Fried Chicken),Panthapath,Fast Food,4,62,2,"Shop No-75, Level-8, Block-A, Bashundhara City, Panthapath  In the Bashundhara City"
KPR Restaurant & Party Centre,Panthapath,Indian,3.9,402,2,"Union Heights (Level 3), 55-2, Bir Uttam Quazi Nuruzzaman Sarak Beside of Square Hospital West, Panthapath"
Kashbon Restaurant,Panthapath,Restaurant,3.1,59,1,"15/A/12, 20/5, West Raza Bazar Road, Panthapath"
EatOut,Panthapath,Restaurant,4.2,74,1,"House No. 20/5, Rashed Plaza, Panthapath"
Dream's Cafe & Restaurant,Panthapath,Restaurant,4.1,239,1,"Multiplan Green Villa, 61, Green Rd"
Salam's Kitchen panthapath,Panthapath,Restaurant,4,162,1,"Sabamun Tower, 152/1/H Green Rd  In Sabamoon Tower"
Kutumbari - কুটুমবাড়ি,Panthapath,Restaurant,3.8,525,2,"13-A/1, Panthapath  In Bangladesh Water Development Board"
UniCafe Restaurant & Fun,Panthapath,Continental restaurant,4.1,1253,2,"Level-2, Union Heights, 55-2, Bir Uttam Kazi Nuruzzaman Sarak, West Panthapath, beside square hospital"
Cheese Bite,Ramna,Restaurant,4.4,358,1,"Rd No:- 5, block-D"
Da Rooftop,Ramna,Restaurant,4,1433,2,"397/b, khilgaon Chowdhury Para, Shahid Baki Rd"
Dhaka Hotel and Restaurant,Ramna,Restaurant,4.1,492,2,Tilpapara Rd
Grand Restaurent & Chinese,Ramna,Restaurant,3.6,382,1,"19/1, 19/2 Bakshi Bazar Road"
Jolpai Restaurant & Party Center,Ramna,Restaurant,4,465,1,18 Moghbazar Rd
HAALUM RESTAURANT,Ramna,Restaurant,3.5,57,1,37 Lalbagh Rd
Royal Restaurant,Ramna,Restaurant,4,3738,2,44 Lalbagh Rd
Platted,Ramna,Restaurant,3.8,109,1,46 Lalbagh Rd
Dark House Restaurant,Ramna,Restaurant,3.9,83,1,32 Lalbagh Rd
Cielo Rooftop,Ramna,Restaurant,4.3,764,3,"Borak, Unique Heights, 117 Kazi Nazrul Islam Ave"
Thirty3 Restaurant,Ramna,Bangladeshi,3.9,1134,2,"3rd Floor, 3 New Baily Rd"
Pizza Inn,Ramna,Pizza,4.1,357,2,"12/A, 12/A Lalbagh Rd"
Prince Restaurant and Chinese,Rampura,Chinese,3.8,140,1,"290/3/A, Khilgov Railgate, Nahah Tower (Underground)"
Tradition Bd,Rampura,Restaurant,3.9,745,1,"House-568, Block C, Taltola Rd"
Mashawi Cuisine Restaurant & Party Center,Rampura,Restaurant,4.1,69,1,"Block-C, Road-05, House-39"
Bargarita Cafe & Restaurant,Rampura,Restaurant,4.1,74,1,586/C Shahid Baki Rd
BFS Restaurant,Rampura,Restaurant,3.5,70,1,"14, 3A Kamalapur Manda Rd"
Mamun Biriyani House - মামুন বিরিয়ানি হাউজ,Rampura,Restaurant,4.1,84,1,"House 25, Block K, Main Road, South"
Red Capsicum,Rampura,Restaurant,3.7,66,1,318 DIT Road
Shangri-la Inn Restaurant,Shanti Nagar,Restaurant,3.9,120,1,30 VIP Road
KFC Restaurant,Shanti Nagar,Chicken,3.9,1955,2,"03 New Baily Road, 10 Natok Sharoni Gold Hunt Shopping Complex"
Moven Pick,Shanti Nagar,Ice Cream,4.1,99,1,"53 Shiddeshwari Lane, Dhaka 1217 Shiddeshwari Lane"
"Sky View Lounge, Dhaka.",Shanti Nagar,Restaurant,4.2,2179,2,"118, Sky View Trade Center, 21 Floor, 27, Shilpachariya Joynul Abedin Road Old, 2 Shantinagar Bazar Rd"
Little Arabia Restaurant,Shanti Nagar,Restaurant,4.2,581,2,"140, Al Amin Tower, 141 Shantinagor"
"Korai Gost, Dhaka.",Shanti Nagar,Restaurant,3.6,552,2,26 VIP Rd
Fakruddin Biriyani & Cafe,Shanti Nagar,Bangladeshi,3.8,1162,2,"1/A, 2nd Floor, Viqarunnisa Noon School and College 2 No Natak Sarani, New, Baily Rd"
The Creamer,Shyamoli,Restaurant,3.8,102,2,In Shyamoli Square Shopping Mall
Chef's Cuisine,Shyamoli,Restaurant,4.1,294,2,"Shop No-632, Shyamoli Square  In Shyamoli Square Shopping Mall"
Dosa Hut Coffee & Juice Bar,Shyamoli,Restaurant,3.9,384,1,"32/B Shahabuddin Plaza, Ring Rd"
Arena - Cafe & Lounge,Shyamoli,Cafe,4.2,662,2,"6/A, 4th Floor, Ring Tower, Ring Rd"
Delhi Darbar,Shyamoli,Restaurant,3.6,323,1,42 Ring Rd
Delicious Food Express,Shyamoli,Restaurant,4.2,629,1,"24, 4 Ring Rd"
Al-Madina Sweetmeat Hotel & Restaurant,Shyamoli,Restaurant,3.9,88,1,"44/3 Kallyanpur, Pradhan Sarak"
Anurag Restora,Shyamoli,Restaurant,3.7,1345,2,"No. 1, Bira Uttam A N M Nurajjaman Sadak, Babar Road, Opp. National Institute of Cardiovascular Diseases & Hospital, College Gate"
"H & C Bakery, Mohammadpur",Shyamoli,Bakery,4.1,223,1,"9 No, Shilpo Plot, Ring Rd"
Jhal Restaurant ঝাল রেস্টুরেন্ট,Shyamoli,Restaurant,3.8,53,1,Ring Rd
আল-মাহবুব রেঁস্তোরা,Shyamoli,Bangladeshi,4.1,110,2,"18, 3 Ring Rd"
LE VISTA Live Kitchen,Shyamoli,Restaurant,3.9,179,2,"19-B/2-C & 2-D, Block-F (Opposit of DBBL, Ring Rd"
Cookers & Co,Shyamoli,Bistro,3.8,895,2,01 Ring Rd  In Genetic Huq Garden
Happy Turtle Eatery by Cookers & Co.,Shyamoli,Fast Food,3.9,65,1,"19C/1-A, Block-F, Ring Rd"
Red'Res Fast Food,Shyamoli,Fast Food,3.8,1819,2,"Ring Road, Shaymoly, Ring Rd"
STEAK & SHAKE,Taltola,Restaurant,4,288,1,567/A Shahid Baki Rd
ONDA MARIS & BEVANDA VENEZIANA,Taltola,Restaurant,3.8,257,1,"385/ 960 B, Shahid Baki Rd"
Cafe Cherry Drops,Taltola,Restaurant,4,1910,2,572/A Shahid Baki Rd
ALKADERIA Express,Taltola,Restaurant,3.8,595,2,"25/B 3rd Floor, MANAMA MW Heights, House, Taltola Rd"
Piccadilly Restaurant,Tejgaon,Restaurant,3.6,725,2,"21, Monipuri Para, Sangshad Avenue,"
Hungry Deals Restaurant,Tejgaon,Restaurant,3.8,449,2,"5/9 Monipuripara, Sangsad Avenue, Near Gate #4"
Sky View Restaurant,Tejgaon,Restaurant,3.9,411,2,"Novo Tower, 270, 15th Floor, Shaheed Tajuddin Ahmed Ave  In Novo Tower"
Hotel Super Star,Tejgaon,Bangladeshi,4.1,2276,2,46 Kazi Nazrul Islam Ave
Bijoy Shoroni Restaurant,Tejgaon,Restaurant,3.8,645,1,"h.no, Awlad Hossain Market, 105 New Airport Road"
Haji Restaurant And Mini Chinese,Tejgaon,Chinese,3.8,209,1,"315/C, Haji Moron Ali Road, East Nakhalpara, Tejgoan Shilpo Elaka, Tejgoan"
Aharika Budget Restaurant & Party Center,Tejgaon,Bangladeshi,4,208,1,"261/F East Nakhalpara, Hazi Moron Ali Road, Tejgaon, Dhaka-1215Dhaka"
Munmun's Kitchen,Tejgaon,Restaurant,3.9,1395,2,"1st Floor, 35\2 Kazi Nazrul Islam Ave"
Checkers,Tejgaon,Pizza,4.3,362,1,"78, Old Airport Road, Honda Goli, Bijoy Sarani"
ASHIANA RESTAURANT AND CONFERENCE CENTER,Tejgaon,Restaurant,4.1,191,2,94 Kazi Nazrul Islam Ave
Mollika Snacks,Tejgaon,Fast Food,4.2,572,1,Kazi Nazrul Islam Ave
FARHENCE Chinese & Thai Restaurant,Tejgaon,Restaurant,3.9,264,2,19 Gate No 3 Monipuri Para Sangsad Bhaban Avenue
Bright Star Hotel,Tejgaon,Restaurant,3.8,96,1,32/2 Station Road
Zaytun Restaurant,Tejgaon,Restaurant,3.9,941,2,"Begum Rokeya Avenue, Opposite IDB Bhaban, Inside Bangladesh Air Force Museum, Agargaon  In Bangladesh Air Force Museum"
Kabab Factory,Uttara,Barbecue,3.8,3900,3,14 Lake Dr Rd
Kingfisher Restaurant,Uttara,Grill,4.2,1353,1,39 Gareeb-e-Nawaz Ave
Royal Cuisine Restaurant,Uttara,Restaurant,3.9,2016,2,"House#32/D/E, NatoreTower, (14thFloor, Road#3 Sector#3, Dhaka 1230"
Food Palace's Cafe And Restaurant,Uttara,Restaurant,4,171,1,"Shonim Tower, 4th floor, House-55,Road Shah Makhdum Ave"
Cafe. Central Jail,Uttara,Restaurant,4,348,1,In Uttara Tower
Hajrat Shah Chandrapuri Hotel & Mini Chinese Restaurant,Uttara,Restaurant,3.8,179,2,"Ca-86/A, Uttara Badda Bus Stand, Pragati Sharani, Badda"
BFC Uttara Sec# 13,Uttara,Fast Food,4.1,1086,2,"House# 19, Sector# 13, Sonargaon, Janapath Road, Union Nahar Square, Uttara."
Pizza Hut,Uttara,Pizza,4.2,1393,2,"Plot No.: 13, Sec. No.:, 13 Sonargaon Janapath"
"Lakeview Restaurant & Bar, Uttara",Uttara,Bar,4.2,736,2,37 Gareeb-e-Nawaz Ave
BREAD & Beyond,Uttara,Bakery,4.2,497,2,"Jashimuddin Avenue House #14, Road# 1 Sector# 3"
Ajo Idea Space,Uttara,AsianFusion,4.3,2339,1,"14/A, Rd No: 2"
Fakruddin Biriyani,Uttara,Biryani,3.5,778,1,House-2 সড়ক-৫
Secret Cuisine Restaurant and Convention Center.,Uttara,Restaurant,3.7,285,2,House-1 Road-13/C Sector: 06 Shahjalal Avenue
The Uttara Pitha Ghar,Uttara,Fast Food,3.9,120,1,"House No. 1, Road - 14, Jashimuddin Road, Uttara"
Hobnob Coffee,Uttara,Cafe,4.3,1519,2,55 Gausul Azam Ave
Z Kitchen,Uttara,Restaurant,3.8,288,2,Road No 1
Cafe Entro,Uttara,Restaurant,3.7,808,2,Sonargaon Janapath
Momo House,Uttara,Fast Food,4.2,58,1,16 Gausul Azam Ave
Everest Restora & Kabab,Uttara,Bangladeshi,3.2,51,1,"36, Shahajalal Avenue, Sector- 4, Uttara"
Gardenia Banquets,Uttara,Banquethall,4.1,786,3,"House no: 88, 8 Rd No 51"
Lake Terrace,Uttara,Steak,4.1,2720,3,"House # 25/E, Lake Dr Rd"
Mainland China,Uttara,Chinese,4.2,1111,3,"Plot No 15, 14th Floor, Siaaam Tower, Service Rd"
Tarragon Restaurant,Uttara,Buffet,4.1,140,1,"Plot 1B, Rd No 1  In Best Western Plus Maple Leaf"
Burger King,Uttara,Fast Food,4.1,1597,1,"H.No 16, Sector: 09, Sonargaon Janapath  In Chatime Uttara"
Food Dhamaka,Uttara,Restaurant,4,377,2,"Azampur Rail Gate, Shah Kabir Mazar Rd"
Ocaso Skyscape,Uttara,Restaurant,4,186,1,"8th Floor, Road, 16 Sonargaon Janapath"
Cafe Darbar,Uttara,Restaurant,4.1,351,2,75 Shah Makhdum Ave
Pan De Asia Restaurant & Convention Hall,Uttara,Restaurant,4.1,545,2,"Cosmo Shopping Complex, Rajuk Razib, Plot 71 Service Rd"
Hamza Restaurant,Uttara,Restaurant,3.6,99,2,"29, Sonargaon Janapath"
Take A Bite,Uttara,Restaurant,3.7,230,2,"House # 68, # #, Rd No 20"
Café Mémoire,Uttara,Cafe,4.1,960,2,"House No. 55, First Floor, Shah Magdum Avenue, Sector 12, Uttara"
Dine in Dhaba,Uttara,Fast Food,3.6,172,1,"Sector-6, Road-8, house- 30 Uttara Model Town"
Terrace View Restaurant,Uttara,Restaurant,3.8,346,2,House - 6 Lake Dr Rd
Real Thai,Uttara,Restaurant,4.1,510,3,"14-16 Khan Tower (Level 13th & 14th Road, Sonargaon Janapath"
Tacos Shop,Uttara,Tacos,3.9,83,2,Road Number 10/B
B.N.C.C. Canteen & Restaurant,Uttara,Restaurant,4.2,330,1,"319, 1230 Isakha Ave"
Food Hut,Uttara,Restaurant,3.8,84,1,"Hasan Mahmud Complex, Shah Kabir Mazar Rd"
Uttara Amontron Restaurant,Uttara,Restaurant,3.6,70,1,3/B Road-2
Broccoli Restaurant & Party Centre,Uttara,Restaurant,3.8,712,1,House#06 Sonargaon Janapath
Ratatouille Restaurant & Lounge,Uttara,Restaurant,3.5,456,2,"House No. 19, Sonargaon Janapath, Sector 13, Uttara"
Illusion Food & Music,Uttara,Restaurant,3.8,164,2,55 Shah Makhdum Ave
Khana Pina,Uttara,Restaurant,3.6,51,2,"Plot-2, Road No. 18, Sector-13, Uttara"
"Coffee World - RAK Tower, Uttara",Uttara,Cafe,4.1,931,2,"Ground Floor, RAK Tower, Jashimuddin Ave"
Fakruddin Restaurant,Uttara,Restaurant,3.3,215,2,Road No 7B
Hotel De Meridian,Uttara,Restaurant,3.9,631,1,"Asset Brookhaven, Rd No.12"
Cafe F&B,Uttara,Restaurant,4,285,2,"2449, Uttarakhan, 1 Shah Kabir Mazar Rd"
The Monarchy Coffee,Uttara,Restaurant,4.2,320,1,"Plot 1, Block H Rd No. 11  In Anz Huq Eleven Square"
HANSA - A PREMIUM RESIDENCE,Uttara,Hotel,4.4,527,1,"PLOT# 3 & 5, ROAD# 10/A SECTOR# 9"
Crimson Cup Uttara,Uttara,Cafe,4.3,1821,3,"18, 2nd Floor, Quantum Mostafa Towers, Gausul Azam Ave"
Coffeelicious Coffee Uttara,Uttara,Cafe,4.1,1360,2,"27, Road No. 7  In Latif Emporium Complex Uttara Zone Mobile Market"
Karikor Cynosure,Uttara,Restaurant,4,105,2,House 35 Rd 114
Mr. Gosto,Uttara,Restaurant,3.9,1288,1,Matikata Rd
IUBAT Panaromic Cafeteria,Uttara,Restaurant,4.1,335,1,"West IUBAT, IUBAT  In the International University of Business Agriculture and Technology"
Premium Sweets,Uttara,Restaurant,4.3,1077,3,"House-, 10 Lake Drive Road"
Secret Recipe,Uttara,Malaysian,4,108,2,"House 1/D, Road 2, Sector # 03, Uttara"
Takeout Uttara,Uttara,Fast Food,4.3,2973,1,17 Sonargaon Janapath
The ROOF,Uttara,Restaurant,3.7,274,2,20 Sonargaon Janapath
KFC,Uttara,Fast Food,4.2,768,2,"House # 06, Ground Floor, Ahmed Plaza, Rd # 02"
Helvetia,Uttara,Restaurant,3.7,253,1,35 Gareeb-e-Nawaz Ave
Northern Front,Uttara,Restaurant,4.1,408,1,1230 Rd No 17B
Beans & Aroma Coffees,Uttara,Cafe,4.3,2008,2,"House # 09 Road # 18, Sector # 03"
Azan Khabar Ghor,Uttara,Bangladeshi,3.8,67,1,"Plot-13, Road No. 02, Adjacent to Main Road Arong Building, Sector-03 C/A, Uttara"
KAZI ASPARAGUS FOOD ISLAND (UTTARA BRANCH),Uttara,Restaurant,3.9,1653,1,"plot No, 86 Gausul Azam Ave"
Premium Sweets,Uttara,Restaurant,4.2,136,3,plot 13 Rd No. 12
Sultan Suleiman Restaurant,Uttara,Turkish,3.9,217,1,69 Shah Makhdum Ave
Side Dish International Cuisine,Uttara,Restaurant,4.2,243,1,Dhaka - Mymensingh Hwy
Popeyes Coffee & Fast Food,Uttara,Cafe,3.9,812,2,"Road No 1B, Sector 9"
Cafe Eat & Meet,Uttara,Restaurant,3.9,52,1,"House# 77, Road# 19, Sector# 11"
নৈসর্গ - NISORGO,Uttara,Restaurant,3.9,69,1,Rd -15
CNB Chic's n Burg's,Uttara,Restaurant,4,79,1,House 07 Road-05
ছ্যাকা পোড়া | Chhekapora Sector 7,Uttara,Restaurant,3.9,443,2,48 Rabindra Sarani
House Of Thai Uttara,Uttara,Thai,3.8,412,2,Lake Drive Road
The Mesquite Grill,Uttara,American,4,577,2,"Maroon - House of Attire, House 25, Rabindra Sarani, Road"
Mary Montana,Uttara,Restaurant,4,261,1,"House: 39, Road: 18, Sector: 03 Level 3"
"Broast cafe , Uttara Branch",Uttara,Restaurant,4.2,233,1,25 Gareeb-e-Nawaz Ave
Coffeelicious Coffee Uttara(Sector 7),Uttara,Restaurant,4,169,1,In MINISO Uttara (sector 7)
Bamboo Shoot,Uttara,Restaurant,4.3,417,2,"Paradise Tower, 12th floor, Plot 11, Sector 3, Uttara, Dhaka-1230. Beside Aarong"
Campfire,Uttara,Indian,4.3,270,1,"Everest Tower, 74 Gausul Azam Ave"
Kudos Uttara,Uttara,Fast Food,4.2,1266,1,House # 26 Gausul Azam Ave
Viva Chinese Restaurent,Uttara,Chinese,4.1,211,1,"Plot-21, Akash Plaza, Dhaka Mymensingh Road, Sector-9, Uttara"
Chefs Cuisine,Uttara,Restaurant,4,51,1,2 Gareeb-e-Nawaz Ave
Herfy Uttara,Uttara,Fast Food,4.3,978,1,29 Gausul Azam Ave
Falguni Restaurant,Uttara,Bangladeshi,3.7,392,2,"Plot#2, House Building, 1230 Sonargaon Janapath"
La Bamba,Uttara,Restaurant,3.9,2565,2,Rabindra Sarani
Laziz Restaurant,Uttara,Restaurant,3.9,375,2,"House #14, Road #12, Sector#6, Uttara, Near Lab Aid"
Cheez Uttara,Uttara,Pizza,4.4,226,1,"Level-6,House-34,Juwel Tower, Gareeb-e-Nawaz Ave"
masterchef lounge,Uttara,Restaurant,3.8,83,1,5 Lake Dr Rd
Madchef Uttara,Uttara,Fast Food,4.1,1371,2,"House No, 4th Floor, Jewel Tower, 34 Gareeb-e-Nawaz Ave"
The Merriment Restaurant,Uttara,Restaurant,4.4,78,1,"House Building, House -5, Sector -7,(sonargaon Janapath, Road), Uttara"
Haveli,Uttara,Restaurant,3.9,1024,2,45 Gareeb-e-Nawaz Ave
Khana's - Uttara Metro,Uttara,Fast Food,4.2,385,1,"House No. 36, Ground Floor, Gareeb-e-Nawaz Ave"
BFC (Best Fried Chicken),Uttara,Fast Food,4.1,782,2,"Plot No.:1, Sector 1, Uttara Tower, Jashimuddin Ave  In Uttara Tower"
"The Cafe Rio, Uttara",Uttara,Buffet,4.1,2158,2,"5th Floor, House # 6 Road # 2, Jashimuddin Ave"
Mumin Foods,Uttara,Fast Food,3.9,740,2,"House#4, Road#12, Sector#6"
Cafe Euphoria Uttara,Uttara,Restaurant,3.9,354,1,16 Gareeb-e-Nawaz Ave
The Artisan,Uttara,Hotel,4.1,98,1,"House No 7, Sector 3, Road No 2/A  In Aarong Uttara Flagship Outlet"
Trouvaille,Uttara,AsianFusion,4.4,1099,2,উত্তরা
Great BBQ,Uttara,Restaurant,4.1,53,1,"NR Complex, 4A Road-05"
Hotplate,Uttara,Restaurant,4.3,161,1,"House 6, 4 Lake Dr Rd"
Sector 7 Restaurant,Uttara,Restaurant,4,1346,1,"Plot 11, Sector-07, Uttara, Service Rd"
Chillox Uttara,Uttara,Restaurant,4.3,2002,2,10 Sonargaon Janapath
Chhekapora - ছ্যাকা পোড়া,Uttara,Restaurant,3.9,620,2,42 Gareeb-e-Nawaz Ave
KICK OFF Uttara,Uttara,Restaurant,3.9,274,2,"House # 05 , Road # 15 , Sector # 03"
LA TING TING,Uttara,Restaurant,4,64,1,"Shohel Market Rooftop Beside Rupayan City, Shonargaon Janapath road, Khalpar Bridge"
Salam's Kitchen,Uttara,Restaurant,4,1216,2,"House, 40, Kacha Bazar, Sonargaon Janapath"
La Bamba,Uttara,Restaurant,3.8,712,2,"Hous-09, Shonargaon Janapath (Near to House Building), Sector-07, Uttara"
Mr. Manik Foods,Uttara,Restaurant,4.1,2770,2,"House No.: 4, Rabindra Sarani"
Pizza End Uttara,Uttara,Pizza,3.9,524,1,"89, Sayed Grand Center 4th flr"
Kublai Khan Uttara,Uttara,Restaurant,3.7,60,2,Gausul Azam Avevue
"Barcelona Restaurant, Uttara",Uttara,Restaurant,3.7,88,1,House 31 Road-27
Checkers,Uttara,Fast Food,4.1,1141,1,"Sector-6, House-2, Road, 13 রাজউক কলেজ রোড"
Pizza Hut,Uttara,Pizza,4.2,787,2,"Ahmed Plaza, HOUSE No 6, Ground Floor, Beside Rak Tower, Road-2"
California Fried Chicken & Pastry Shop (CFC),Uttara,Chicken,4,774,2,"House No, 2 সড়ক-১৩/এ"
KFC,Uttara,Fast Food,4.1,2295,2,"H-13, Sec-13, Sonargaon Janapath"
PERI PASTA,Uttara,Restaurant,4,1798,2,14 Road No.1
Crush Station,Uttara,Restaurant,3.8,178,1,"House 16, 13 Shah Makhdum Ave"
Hotel La-Ham & Restaurant,Uttara,Restaurant,3.8,97,1,"Plot-9, Road-16, Sector-11, Uttara"
Alfresco Uttara,Uttara,Restaurant,4.1,1269,2,Gausul Azam Ave
Tasty Tibet - Uttara 11,Uttara,Restaurant,4.1,126,2,"Uttara 11 (Inside Shwapno House-27 (Left-04), Road, 02 Gareeb-e-Nawaz Ave"
Kindred Food Garden,Uttara,Restaurant,4.2,134,1,"House No-09, Rd No 13"
Kacchiwala,Uttara,Biryani,3.9,449,2,In Latif Emporium Complex Uttara Zone Mobile Market
Turkish Kitchen,Uttara,Turkish,4.4,155,1,"House 12, Belssing Sagor Shaikat Bhaban, Sonargaon Janapath"
Checkers,Uttara,Restaurant,4,180,1,"Quantum Properties Ltd. Quantum Mostafa Tower, Level 4, 18 Gausul Azam Ave"
Kung Food,Uttara,Restaurant,4,416,2,3 Gausul Azam Ave
Backstreet Cafe Uttara,Uttara,Cafe,3.5,145,1,"House-04, Road -2, Sector-13, Uttara"
Turkish Kabab & Pizza,Uttara,Turkish,4.2,1148,2,"Plot 21, Road 7, Jashimuddin bus stand"
Pizza Hut,Uttara,Pizza,4.2,73,2,"House 06, Road 2, Ahmed Plaza (Gr. Flr"
